client_id,client_type,first_name,last_name,date_of_birth,gender,country,region,acquisition_purpose,satisfaction_score,loan_applied,referral_channel,age,cluster_id,segment_name
C0001,individual,Kareem,Liu,1968-05-11,f,usa,california,home,4,yes,website,58.0,0,C1: Global Investors
C0002,individual,Trystan,Oconnor,,m,usa,california,home,1,no,website,56.0,1,C2: First-Time Buyers
C0003,individual,Kale,Gay,1959-04-07,m,usa,california,home,4,yes,agency,67.0,0,C1: Global Investors
C0004,individual,Russell,Gross,,m,usa,california,home,5,no,website,56.0,0,C1: Global Investors
C0005,company,Marleez,Co,,m,usa,california,investment,5,no,website,56.0,0,C1: Global Investors
C0006,individual,Yurem,Wright,1957-03-06,m,usa,california,home,3,yes,website,69.0,3,C4: Luxury Investors
C0007,individual,Xavier,Faulkner,,m,canada,quebec,investment,5,no,website,56.0,0,C1: Global Investors
C0008,individual,Kayden,Olsen,,f,usa,california,home,5,no,website,56.0,0,C1: Global Investors
C0009,individual,Joaquin,Mullins,1975-10-05,m,usa,california,investment,5,no,agency,51.0,0,C1: Global Investors
C0010,individual,Nicolas,Navarro,,m,usa,oregon,investment,3,no,agency,56.0,0,C1: Global Investors
C0011,individual,Laci,Guerra,,f,usa,california,home,2,yes,website,56.0,1,C2: First-Time Buyers
C0012,company,Kylax,Co,,m,usa,california,investment,5,no,website,56.0,0,C1: Global Investors
C0013,individual,Harley,Lucero,1962-08-10,m,usa,california,home,1,yes,website,64.0,1,C2: First-Time Buyers
C0014,company,Esther,Co,1980-07-10,m,usa,california,home,3,yes,website,46.0,2,C3: Corporate Buyers
C0015,individual,Jaylynn,Hickman,,f,usa,california,home,5,no,client,56.0,0,C1: Global Investors
C0016,individual,Olivia,Oconnell,1939-09-03,f,usa,california,investment,5,no,website,87.0,3,C4: Luxury Investors
C0017,individual,Antonio,Porter,1977-01-08,m,usa,arizona,home,3,no,client,49.0,0,C1: Global Investors
C0018,individual,Luke,Lynn,1967-02-07,m,usa,california,home,2,yes,agency,59.0,1,C2: First-Time Buyers
C0019,individual,Anahi,Curry,1957-09-09,m,usa,california,home,5,yes,client,69.0,0,C1: Global Investors
C0020,individual,Camille,Sharp,,f,usa,california,home,5,no,website,56.0,0,C1: Global Investors
C0021,individual,Jesus,Obrien,1938-06-09,m,usa,oregon,investment,3,no,website,88.0,3,C4: Luxury Investors
C0022,individual,Araceli,Nelson,,m,germany,berlin,investment,5,no,agency,56.0,0,C1: Global Investors
C0023,individual,Cole,Taylor,1958-12-06,m,usa,california,home,3,yes,website,68.0,3,C4: Luxury Investors
C0024,individual,Alonso,Terrell,1963-11-05,m,usa,california,investment,4,no,website,63.0,0,C1: Global Investors
C0025,individual,Rodolfo,Gibson,,m,usa,nevada,home,2,yes,website,56.0,1,C2: First-Time Buyers
C0026,individual,Joseph,Reeves,,m,usa,california,investment,5,no,website,56.0,0,C1: Global Investors
C0027,individual,Grant,Weber,1968-09-08,m,usa,california,home,5,yes,website,58.0,0,C1: Global Investors
C0028,individual,Ava,Phelps,,f,usa,california,home,3,no,client,56.0,0,C1: Global Investors
C0029,individual,Kyla,Walker,,f,usa,colorado,home,4,yes,agency,56.0,0,C1: Global Investors
C0030,individual,Alanna,Hess,,f,usa,nevada,home,3,no,website,56.0,0,C1: Global Investors
C0031,individual,Skylar,Buchanan,,m,usa,nevada,home,4,yes,website,56.0,0,C1: Global Investors
C0032,individual,Rodrigo,Robinson,1966-08-11,m,usa,california,home,4,no,website,60.0,0,C1: Global Investors
C0033,individual,Lydia,Tate,,f,usa,california,home,3,yes,website,56.0,0,C1: Global Investors
C0034,individual,Lauryn,Patrick,,f,belgium,brussels,home,2,no,agency,56.0,1,C2: First-Time Buyers
C0035,individual,Diego,Mendez,1965-05-12,m,mexico,mexico city,home,3,no,agency,61.0,0,C1: Global Investors
C0036,individual,Victor,Jensen,1973-09-01,m,usa,california,home,4,no,website,53.0,0,C1: Global Investors
C0037,individual,Scarlet,Hendricks,,f,usa,california,home,5,yes,website,56.0,0,C1: Global Investors
C0038,individual,Janelle,Espinoza,,f,usa,california,investment,4,no,client,56.0,0,C1: Global Investors
C0039,individual,Aleksandra,Karenina,,f,russia,krasnodar krai,home,1,no,agency,56.0,1,C2: First-Time Buyers
C0040,individual,Conner,Huff,,m,usa,nevada,home,5,no,website,56.0,0,C1: Global Investors
C0041,individual,Zain,Horne,,m,usa,arizona,home,1,yes,website,56.0,1,C2: First-Time Buyers
C0042,individual,Maia,Chandler,1975-08-12,f,usa,utah,home,1,yes,website,51.0,1,C2: First-Time Buyers
C0043,individual,Jordyn,Park,1965-04-04,m,usa,nevada,investment,3,yes,website,61.0,0,C1: Global Investors
C0044,individual,Diana,Hunt,,f,usa,arizona,home,3,no,website,56.0,0,C1: Global Investors
C0045,individual,Kevin,Mata,1968-10-12,m,usa,colorado,investment,2,no,agency,58.0,1,C2: First-Time Buyers
C0046,individual,Brisa,Mckee,,f,usa,california,home,5,no,client,56.0,0,C1: Global Investors
C0047,individual,Mason,Gilbert,,m,usa,colorado,home,2,no,agency,56.0,1,C2: First-Time Buyers
C0048,individual,Derick,Li,,m,usa,california,home,3,yes,agency,56.0,0,C1: Global Investors
C0049,individual,Jace,Riggs,,f,usa,california,home,1,no,website,56.0,1,C2: First-Time Buyers
C0050,individual,Jair,Johns,1940-03-05,m,usa,california,home,5,no,website,86.0,3,C4: Luxury Investors
C0051,individual,Matilda,Madden,1941-03-03,f,usa,colorado,home,3,no,agency,85.0,3,C4: Luxury Investors
C0052,individual,Myla,Ewing,1967-02-03,f,usa,oregon,investment,2,no,client,59.0,1,C2: First-Time Buyers
C0053,individual,Miguel,Walter,1954-01-07,m,usa,arizona,home,4,no,agency,72.0,3,C4: Luxury Investors
C0054,company,Bridger CAL,Co,,m,usa,nevada,investment,5,no,website,56.0,0,C1: Global Investors
C0055,individual,Mara,Franco,1973-06-07,f,usa,california,home,5,yes,agency,53.0,0,C1: Global Investors
C0056,individual,Erik,Mora,1964-12-07,m,usa,oregon,investment,5,no,agency,62.0,0,C1: Global Investors
C0057,individual,Henry,Kennedy,1933-06-08,m,usa,california,home,4,yes,agency,93.0,3,C4: Luxury Investors
C0058,company,Kenyon,Co,1969-05-03,f,usa,california,investment,1,yes,website,57.0,1,C2: First-Time Buyers
C0059,individual,Oswaldo,Palmer,,m,usa,california,home,2,no,website,56.0,1,C2: First-Time Buyers
C0060,individual,Kassidy,Vega,1972-05-07,f,usa,california,home,5,no,website,54.0,0,C1: Global Investors
C0061,individual,Morgan,Glass,1967-05-12,m,usa,utah,home,5,no,agency,59.0,0,C1: Global Investors
C0062,individual,Tyler,Carr,,m,usa,california,home,5,yes,client,56.0,0,C1: Global Investors
C0063,individual,Yesenia,Marquez,,f,usa,arizona,home,4,no,website,56.0,0,C1: Global Investors
C0064,individual,Gordon,Brown,1974-02-10,m,uk,northern ireland,investment,4,no,agency,52.0,0,C1: Global Investors
C0065,individual,Rodrigo,Ramirez,,m,usa,california,home,1,no,agency,56.0,1,C2: First-Time Buyers
C0066,individual,Melanie,Holland,,f,usa,california,investment,3,no,client,56.0,0,C1: Global Investors
C0067,individual,Enrique,Cardenas,1977-06-10,m,usa,california,home,2,no,website,49.0,1,C2: First-Time Buyers
C0068,individual,Helen,Williamson,,f,usa,colorado,home,5,yes,agency,56.0,0,C1: Global Investors
C0069,individual,Isis,Rios,1970-04-01,m,usa,california,investment,4,no,website,56.0,0,C1: Global Investors
C0070,individual,Kayley,Nielsen,,f,usa,arizona,home,4,yes,website,56.0,0,C1: Global Investors
C0071,individual,Donavan,Flowers,,m,usa,california,home,1,yes,client,56.0,1,C2: First-Time Buyers
C0072,individual,Augustus,Hinton,1953-02-03,m,usa,nevada,investment,2,no,website,73.0,3,C4: Luxury Investors
C0073,individual,Alejandra,Greer,1965-01-11,f,denmark,capital region,investment,1,no,agency,61.0,1,C2: First-Time Buyers
C0074,individual,Violet,Nixon,1959-01-01,f,usa,oregon,investment,5,no,client,67.0,0,C1: Global Investors
C0075,individual,Jaelyn,Berger,1970-05-05,f,usa,california,home,3,no,website,56.0,0,C1: Global Investors
C0076,individual,Tristian,Fuller,,m,usa,california,home,5,no,agency,56.0,0,C1: Global Investors
C0077,individual,Christian,Costa,,m,usa,california,home,5,no,website,56.0,0,C1: Global Investors
C0078,individual,Nora,Lynch,,f,usa,california,home,5,no,website,56.0,0,C1: Global Investors
C0079,individual,Dangelo,Shea,,m,belgium,brussels,investment,4,no,website,56.0,0,C1: Global Investors
C0080,individual,Aiyana,Christensen,,f,usa,california,investment,3,no,website,56.0,0,C1: Global Investors
C0081,individual,Sidney,Cline,,f,usa,california,home,4,yes,website,56.0,0,C1: Global Investors
C0082,individual,Kaitlin,Owen,,f,usa,virginia,investment,5,no,client,56.0,0,C1: Global Investors
C0083,individual,Issac,Edwards,,m,usa,california,home,5,no,website,56.0,0,C1: Global Investors
C0084,individual,Zaiden,Merritt,,m,usa,wyoming,home,3,no,agency,56.0,0,C1: Global Investors
C0085,individual,Iris,Larsen,,m,usa,california,home,4,yes,agency,56.0,0,C1: Global Investors
C0086,individual,Grace,Stein,,f,usa,california,home,3,yes,website,56.0,0,C1: Global Investors
C0087,individual,Alessandra,Perry,,f,usa,california,home,4,no,agency,56.0,0,C1: Global Investors
C0088,individual,Jamal,Mueller,,m,usa,oregon,investment,2,no,website,56.0,1,C2: First-Time Buyers
C0089,individual,Irvin,Ellis,,m,usa,california,home,3,no,agency,56.0,0,C1: Global Investors
C0090,individual,Terry,Forbes,,m,usa,california,home,5,no,client,56.0,0,C1: Global Investors
C0091,individual,Jacqueline,Grant,,f,usa,california,home,4,no,website,56.0,0,C1: Global Investors
C0092,individual,Brock,Fischer,,m,usa,kansas,home,3,no,website,56.0,0,C1: Global Investors
C0093,individual,Curtis,Howard,1962-09-11,m,usa,california,home,2,no,agency,64.0,1,C2: First-Time Buyers
C0094,individual,Avah,Huang,,f,usa,california,home,5,no,website,56.0,0,C1: Global Investors
C0095,individual,Frank,Meyer,,m,usa,california,home,3,yes,agency,56.0,0,C1: Global Investors
C0096,individual,Darien,Dorsey,,m,usa,california,investment,3,yes,website,56.0,0,C1: Global Investors
C0097,individual,Franklin,Mack,,m,usa,virginia,home,5,yes,website,56.0,0,C1: Global Investors
C0098,individual,Elena,Petrova,,f,russia,saint petersburg,home,3,yes,agency,56.0,0,C1: Global Investors
C0099,individual,Jack,Hanson,1941-12-01,m,usa,california,investment,4,no,website,85.0,3,C4: Luxury Investors
C0100,individual,Emmett,Estes,1969-06-05,m,usa,california,home,3,no,website,57.0,0,C1: Global Investors
C0101,individual,Aniya,Miller,1951-03-02,f,usa,nevada,home,3,no,website,75.0,3,C4: Luxury Investors
C0102,individual,Jack,Anderson,,m,usa,california,investment,5,yes,website,56.0,0,C1: Global Investors
C0103,individual,Kael,Hurley,,m,usa,colorado,home,3,no,website,56.0,0,C1: Global Investors
C0104,individual,Kamden,Stewart,,m,usa,california,home,5,no,website,56.0,0,C1: Global Investors
C0105,individual,Aniyah,Ali,1959-11-03,f,usa,california,investment,2,yes,website,67.0,1,C2: First-Time Buyers
C0106,individual,Simon,Bennett,1953-06-09,m,usa,colorado,home,4,no,website,73.0,3,C4: Luxury Investors
C0107,individual,Laurel,Benitez,1959-08-06,m,usa,california,home,4,yes,agency,67.0,0,C1: Global Investors
C0108,individual,Trey,Strong,,m,usa,california,home,4,no,agency,56.0,0,C1: Global Investors
C0109,individual,Myah,Roman,1933-05-05,f,usa,california,investment,5,yes,agency,93.0,3,C4: Luxury Investors
C0110,individual,Nyla,Blake,1959-06-05,f,usa,california,investment,5,yes,agency,67.0,0,C1: Global Investors
C0111,individual,Kole,Shannon,,m,usa,arizona,home,2,yes,website,56.0,1,C2: First-Time Buyers
C0112,individual,Melany,Glover,1960-10-01,f,usa,california,investment,1,yes,agency,66.0,1,C2: First-Time Buyers
C0113,individual,Arthur,Bray,,m,usa,utah,investment,4,no,agency,56.0,0,C1: Global Investors
C0114,individual,Kamila,Collier,,f,usa,california,home,1,yes,website,56.0,1,C2: First-Time Buyers
C0115,individual,Amanda,Simon,1978-12-03,f,usa,california,home,5,no,agency,48.0,0,C1: Global Investors
C0116,individual,Erika,Steward,1955-08-07,f,usa,california,investment,4,no,website,71.0,3,C4: Luxury Investors
C0117,individual,Jakobe,Bailey,1964-10-06,m,uk,scotland,investment,4,no,agency,62.0,0,C1: Global Investors
C0118,individual,Sonia,Choi,1948-11-09,f,usa,oregon,investment,5,no,agency,78.0,3,C4: Luxury Investors
C0119,individual,Erika,Gallagher,,f,usa,california,home,1,yes,website,56.0,1,C2: First-Time Buyers
C0120,individual,Madeline,Michael,,f,usa,california,home,4,yes,website,56.0,0,C1: Global Investors
C0121,individual,Bennett,Chen,,m,usa,nevada,home,2,no,website,56.0,1,C2: First-Time Buyers
C0122,individual,Belinda,Hogan,,f,usa,california,home,1,yes,agency,56.0,1,C2: First-Time Buyers
C0123,individual,Johanna,Fisher,,f,usa,california,home,4,yes,website,56.0,0,C1: Global Investors
C0124,individual,Jaylen,Turner,,f,usa,california,home,4,no,agency,56.0,0,C1: Global Investors
C0125,individual,Michael,Juarez,,m,usa,colorado,home,4,yes,agency,56.0,0,C1: Global Investors
C0126,individual,Adriana,Shaffer,1972-07-11,f,usa,california,investment,2,no,agency,54.0,1,C2: First-Time Buyers
C0127,individual,Julio,Leonard,,m,usa,nevada,home,2,yes,website,56.0,1,C2: First-Time Buyers
C0128,company,Abdiel,Co,,m,usa,nevada,investment,5,yes,website,56.0,0,C1: Global Investors
C0129,individual,Warren,Pugh,,m,usa,arizona,investment,5,no,website,56.0,0,C1: Global Investors
C0130,individual,Luis,Crane,,m,usa,nevada,home,3,yes,website,56.0,0,C1: Global Investors
C0131,individual,Mohammad,Irwin,1971-12-02,m,usa,california,home,1,no,website,55.0,1,C2: First-Time Buyers
C0132,individual,Davion,Stout,,m,usa,nevada,home,1,yes,agency,56.0,1,C2: First-Time Buyers
C0133,individual,Logan,Simmons,,m,usa,california,investment,4,no,agency,56.0,0,C1: Global Investors
C0134,individual,Kaylin,Villarreal,,f,russia,novosibirsk,investment,3,no,website,56.0,0,C1: Global Investors
C0135,individual,Ruben,Melton,1939-03-05,m,usa,utah,investment,2,no,agency,87.0,3,C4: Luxury Investors
C0136,individual,Gianni,Fritz,,m,usa,california,home,3,no,website,56.0,0,C1: Global Investors
C0137,individual,Emilie,Morrison,,f,usa,california,home,3,yes,website,56.0,0,C1: Global Investors
C0138,individual,Crystal,Wyatt,,f,usa,oregon,investment,3,yes,website,56.0,0,C1: Global Investors
C0139,individual,Annabel,Robles,,f,usa,california,home,5,yes,website,56.0,0,C1: Global Investors
C0140,individual,Rachel,Cross,,f,usa,california,home,3,no,website,56.0,0,C1: Global Investors
C0141,individual,Madalyn,Mercer,,f,usa,california,home,5,no,website,56.0,0,C1: Global Investors
C0142,individual,Michelle,Cameron,1978-06-04,f,usa,nevada,home,3,yes,website,48.0,0,C1: Global Investors
C0143,individual,Ezra,Lozano,,m,usa,california,home,1,no,website,56.0,1,C2: First-Time Buyers
C0144,individual,Ramiro,Oneill,,m,usa,california,home,4,no,agency,56.0,0,C1: Global Investors
C0145,individual,Emely,Watts,,f,usa,california,home,4,no,website,56.0,0,C1: Global Investors
C0146,individual,Hazel,Ayers,1963-02-01,m,usa,colorado,home,2,no,website,63.0,1,C2: First-Time Buyers
C0147,individual,Cedric,Goodwin,,m,usa,utah,home,4,no,client,56.0,0,C1: Global Investors
C0148,individual,Dayton,Hatfield,,m,usa,colorado,investment,4,yes,agency,56.0,0,C1: Global Investors
C0149,individual,Piotr,Aleksandrov,1955-12-02,m,russia,krasnodar krai,investment,3,no,agency,71.0,3,C4: Luxury Investors
C0150,individual,Memphis,Mcconnell,,m,usa,california,home,2,yes,website,56.0,1,C2: First-Time Buyers
C0151,individual,Arabella,Ferrell,,f,usa,oregon,home,1,no,agency,56.0,1,C2: First-Time Buyers
C0152,individual,Sincere,Hansen,,f,usa,california,investment,2,yes,agency,56.0,1,C2: First-Time Buyers
C0153,individual,Lara,Carrillo,,f,usa,california,home,5,no,website,56.0,0,C1: Global Investors
C0154,individual,Valentina,Simpson,,f,usa,california,home,4,yes,agency,56.0,0,C1: Global Investors
C0155,company,Kamd,Co,,m,usa,california,investment,5,no,agency,56.0,0,C1: Global Investors
C0156,individual,Case,Sanchez,,f,usa,california,home,5,no,website,56.0,0,C1: Global Investors
C0157,individual,Van,Charles,,m,usa,colorado,home,2,yes,client,56.0,1,C2: First-Time Buyers
C0158,individual,Emmy,Singh,1979-12-03,f,usa,virginia,investment,3,yes,agency,47.0,2,C3: Corporate Buyers
C0159,individual,Colin,Campos,,m,usa,california,home,3,no,website,56.0,0,C1: Global Investors
C0160,individual,Anya,Stephenson,1959-06-11,f,usa,california,home,4,no,website,67.0,0,C1: Global Investors
C0161,individual,Parker,Poole,1951-11-10,m,usa,california,home,5,no,website,75.0,3,C4: Luxury Investors
C0162,individual,Ivan,Bright,,m,usa,california,home,4,no,website,56.0,0,C1: Global Investors
C0163,individual,Larry,Turner,,m,usa,utah,investment,5,yes,agency,56.0,0,C1: Global Investors
C0164,individual,Matthew,Nelson,,m,usa,arizona,home,5,no,website,56.0,0,C1: Global Investors
C0165,individual,Mary,Hall,1956-07-11,f,usa,california,home,3,yes,website,70.0,3,C4: Luxury Investors
C0166,individual,Carolyn,Weaver,,f,usa,arizona,home,4,yes,agency,56.0,0,C1: Global Investors
C0167,individual,Grace,Green,1955-02-02,f,uk,scotland,home,3,yes,website,71.0,3,C4: Luxury Investors
C0168,individual,Pamela,Sanders,1960-06-06,f,usa,nevada,home,3,no,agency,66.0,3,C4: Luxury Investors
C0169,individual,Terry,Turner,,m,usa,ohio,investment,5,yes,agency,56.0,0,C1: Global Investors
C0170,individual,Jacob,Jones,,m,usa,california,home,5,no,website,56.0,0,C1: Global Investors
C0171,individual,Julie,Sanders,1991-05-05,f,usa,washington,investment,5,yes,client,35.0,2,C3: Corporate Buyers
C0172,individual,Catherine,Carter,,f,usa,washington,home,1,yes,agency,56.0,1,C2: First-Time Buyers
C0173,individual,Amber,Wilson,,f,usa,arizona,home,5,yes,agency,56.0,0,C1: Global Investors
C0174,individual,Rachel,Harris,1982-07-06,f,usa,california,investment,3,no,client,44.0,2,C3: Corporate Buyers
C0175,individual,Brandon,Alexander,1962-04-05,m,usa,washington,home,5,no,agency,64.0,0,C1: Global Investors
C0176,individual,Hannah,Williams,,f,usa,california,home,2,no,website,56.0,1,C2: First-Time Buyers
C0177,individual,Sarah,Hansen,1951-03-05,f,uk,england,home,5,yes,website,75.0,3,C4: Luxury Investors
C0178,individual,Laura,Chavez,,f,usa,virginia,home,4,no,agency,56.0,0,C1: Global Investors
C0179,individual,Ashley,Turner,1986-02-11,f,usa,oregon,investment,2,no,website,40.0,2,C3: Corporate Buyers
C0180,individual,Jacob,Wilson,,m,usa,california,home,2,yes,agency,56.0,1,C2: First-Time Buyers
C0181,individual,Lawrence,Peterson,,m,usa,texas,home,2,yes,website,56.0,1,C2: First-Time Buyers
C0182,individual,Virginia,Bennett,1971-12-02,f,germany,north rhine-westphalia,investment,1,yes,website,55.0,1,C2: First-Time Buyers
C0183,individual,Nicholas,Green,,m,usa,nevada,home,3,no,website,56.0,0,C1: Global Investors
C0184,individual,Peter,Pierce,,m,usa,florida,home,1,no,website,56.0,1,C2: First-Time Buyers
C0185,individual,Andrea,Nelson,1945-07-02,f,usa,nevada,home,4,yes,agency,81.0,3,C4: Luxury Investors
C0186,individual,Carol,Green,1982-04-02,f,usa,virginia,home,1,no,website,44.0,1,C2: First-Time Buyers
C0187,individual,Cheryl,Kim,,f,usa,florida,home,1,no,website,56.0,1,C2: First-Time Buyers
C0188,individual,Jose,Martin,1940-10-08,m,usa,oregon,home,5,yes,website,86.0,3,C4: Luxury Investors
C0189,individual,Anna,Adams,1958-12-11,f,usa,california,home,2,no,agency,68.0,3,C4: Luxury Investors
C0190,individual,Karen,Johnson,,f,usa,california,home,2,no,website,56.0,1,C2: First-Time Buyers
C0191,individual,Sarah,Turner,1977-05-06,f,usa,florida,home,3,no,agency,49.0,0,C1: Global Investors
C0192,individual,Margaret,Moore,1984-02-04,f,belgium,brussels,investment,2,yes,website,42.0,2,C3: Corporate Buyers
C0193,individual,Sharon,Campbell,1968-08-09,f,usa,california,investment,4,yes,website,58.0,0,C1: Global Investors
C0194,individual,Jonathan,Hall,,m,france,ile-de-france,home,5,yes,website,56.0,0,C1: Global Investors
C0195,individual,Sean,Jones,,m,usa,california,home,2,yes,website,56.0,1,C2: First-Time Buyers
C0196,individual,Alexander,Adams,,m,usa,nevada,investment,5,no,agency,56.0,0,C1: Global Investors
C0197,individual,Kevin,Wright,1944-07-01,m,usa,virginia,home,4,no,client,82.0,3,C4: Luxury Investors
C0198,individual,Michelle,White,,f,usa,california,home,4,no,website,56.0,0,C1: Global Investors
C0199,individual,Ryan,Brown,,m,usa,california,home,3,no,agency,56.0,0,C1: Global Investors
C0200,individual,Linda,Harris,1944-05-06,f,usa,california,home,1,no,agency,82.0,3,C4: Luxury Investors
C0201,individual,Lauren,Weaver,,f,usa,california,home,1,no,agency,56.0,1,C2: First-Time Buyers
C0202,individual,Jack,Reyes,1996-11-11,m,canada,british columbia,home,1,no,website,30.0,2,C3: Corporate Buyers
C0203,individual,Christine,Brooks,,f,usa,california,home,4,no,client,56.0,0,C1: Global Investors
C0204,individual,Joyce,Pierce,1947-01-10,f,usa,california,home,5,no,agency,79.0,3,C4: Luxury Investors
C0205,individual,Kelly,Nelson,,f,mexico,puebla,home,1,yes,agency,56.0,1,C2: First-Time Buyers
C0206,individual,Nancy,Roberts,1957-05-08,f,usa,california,home,1,yes,agency,69.0,1,C2: First-Time Buyers
C0207,individual,Kyle,Gray,,m,usa,virginia,investment,4,no,website,56.0,0,C1: Global Investors
C0208,individual,Mark,James,,m,france,provence,home,4,yes,agency,56.0,0,C1: Global Investors
C0209,individual,Kyle,Moore,,m,usa,arizona,investment,3,no,agency,56.0,0,C1: Global Investors
C0210,individual,Janice,Price,,f,usa,colorado,home,2,no,website,56.0,1,C2: First-Time Buyers
C0211,individual,Amy,Evans,,f,usa,california,home,3,no,agency,56.0,0,C1: Global Investors
C0212,individual,Jacob,Wood,,m,usa,california,home,4,no,agency,56.0,0,C1: Global Investors
C0213,individual,Jason,Gray,,m,usa,florida,investment,5,no,agency,56.0,0,C1: Global Investors
C0214,individual,Helen,Wood,,f,belgium,brussels,investment,5,no,website,56.0,0,C1: Global Investors
C0215,individual,Lauren,Foster,1999-07-11,f,germany,hamburg,investment,4,no,website,27.0,2,C3: Corporate Buyers
C0216,individual,Albert,Hansen,,m,usa,utah,home,1,no,website,56.0,1,C2: First-Time Buyers
C0217,individual,Deborah,Miller,1984-07-11,f,usa,colorado,home,3,no,website,42.0,2,C3: Corporate Buyers
C0218,individual,Shirley,Anderson,,f,usa,california,home,2,no,website,56.0,1,C2: First-Time Buyers
C0219,individual,William,Turner,,m,usa,california,home,4,no,website,56.0,0,C1: Global Investors
C0220,individual,Walter,Phillips,1951-06-06,m,canada,ontario,investment,1,no,website,75.0,3,C4: Luxury Investors
C0221,company,Atlas,Co,,f,usa,california,home,5,no,website,56.0,0,C1: Global Investors
C0222,individual,Christopher,Stone,1956-11-08,m,usa,utah,investment,3,no,agency,70.0,3,C4: Luxury Investors
C0223,individual,Patrick,Hansen,1973-11-12,m,usa,colorado,investment,3,yes,website,53.0,0,C1: Global Investors
C0224,individual,Nathan,Richardson,,m,usa,colorado,home,5,no,website,56.0,0,C1: Global Investors
C0225,individual,Evelyn,Reyes,,f,usa,california,home,1,yes,agency,56.0,1,C2: First-Time Buyers
C0226,individual,Julia,Jordan,1958-07-11,f,usa,colorado,home,2,no,website,68.0,3,C4: Luxury Investors
C0227,individual,Rachel,Evans,,f,usa,arizona,home,5,yes,website,56.0,0,C1: Global Investors
C0228,individual,Hannah,Owens,,f,usa,oregon,investment,4,no,website,56.0,0,C1: Global Investors
C0229,individual,Jose,Turner,,m,usa,colorado,investment,5,no,website,56.0,0,C1: Global Investors
C0230,company,Forsyte,Co,,m,usa,nevada,investment,4,yes,website,56.0,0,C1: Global Investors
C0231,individual,Ronald,Rogers,,m,denmark,central denmark,investment,2,yes,website,56.0,1,C2: First-Time Buyers
C0232,individual,Megan,Kim,1962-05-04,f,usa,california,home,3,yes,website,64.0,0,C1: Global Investors
C0233,individual,Larry,Garcia,1997-09-10,m,france,provence,home,4,yes,website,29.0,2,C3: Corporate Buyers
C0234,individual,Andrea,Hughes,1979-03-02,f,usa,new york,home,1,yes,website,47.0,1,C2: First-Time Buyers
C0235,individual,Kenneth,Allen,1949-10-10,m,usa,california,home,5,no,website,77.0,3,C4: Luxury Investors
C0236,individual,Gerald,Howard,1972-08-10,m,canada,manitoba,home,3,no,agency,54.0,0,C1: Global Investors
C0237,individual,Jason,Nelson,1984-11-03,m,usa,california,home,5,yes,website,42.0,0,C1: Global Investors
C0238,individual,Amber,Patterson,1982-01-08,f,usa,virginia,home,4,yes,agency,44.0,2,C3: Corporate Buyers
C0239,individual,Megan,Baker,,f,usa,oregon,home,3,yes,website,56.0,0,C1: Global Investors
C0240,individual,Amber,Morales,,f,usa,colorado,investment,3,no,website,56.0,0,C1: Global Investors
C0241,individual,Kelly,Anderson,,f,mexico,nuevo leon,home,5,yes,website,56.0,0,C1: Global Investors
C0242,individual,Stephen,Peterson,,m,usa,utah,home,3,yes,agency,56.0,0,C1: Global Investors
C0243,individual,Nancy,Patterson,1978-07-11,f,usa,utah,home,2,no,website,48.0,1,C2: First-Time Buyers
C0244,individual,Joyce,Pierce,1998-08-03,f,usa,california,home,1,no,website,28.0,2,C3: Corporate Buyers
C0245,individual,Sean,Long,1974-01-07,m,usa,nevada,investment,4,no,agency,52.0,0,C1: Global Investors
C0246,individual,Stephen,Pierce,,m,france,normandy,home,1,yes,agency,56.0,1,C2: First-Time Buyers
C0247,individual,Kevin,Morris,,m,usa,california,home,1,no,website,56.0,1,C2: First-Time Buyers
C0248,individual,Carl,Collins,1968-12-09,m,usa,florida,home,4,yes,agency,58.0,0,C1: Global Investors
C0249,individual,Stephanie,Montgomery,1968-12-05,f,usa,california,investment,4,no,agency,58.0,0,C1: Global Investors
C0250,individual,Justin,Stewart,,m,uk,england,home,2,no,agency,56.0,1,C2: First-Time Buyers
C0251,individual,Janice,Chavez,1976-08-11,f,usa,utah,home,5,no,website,50.0,0,C1: Global Investors
C0252,individual,Elizabeth,Rogers,,f,usa,nevada,investment,2,no,website,56.0,1,C2: First-Time Buyers
C0253,individual,Betty,Hughes,,f,usa,virginia,home,4,no,website,56.0,0,C1: Global Investors
C0254,individual,Rachel,Freeman,,f,usa,florida,home,5,no,website,56.0,0,C1: Global Investors
C0255,individual,Sara,Jones,1961-02-08,f,uk,england,investment,3,yes,client,65.0,0,C1: Global Investors
C0256,individual,Anthony,Hughes,1990-12-10,m,usa,california,home,1,yes,website,36.0,2,C3: Corporate Buyers
C0257,individual,Nicholas,Kim,,m,usa,california,home,1,no,website,56.0,1,C2: First-Time Buyers
C0258,individual,Carl,Murray,,m,uk,northern ireland,home,4,yes,agency,56.0,0,C1: Global Investors
C0259,individual,Emma,Chavez,,f,usa,oregon,home,4,no,website,56.0,0,C1: Global Investors
C0260,individual,Rebecca,Wood,1946-08-04,f,usa,nevada,investment,3,no,website,80.0,3,C4: Luxury Investors
C0261,company,Celera,Co,,f,usa,florida,investment,4,yes,website,56.0,0,C1: Global Investors
C0262,individual,Billy,Bryant,,m,usa,oregon,home,2,no,website,56.0,1,C2: First-Time Buyers
C0263,individual,Anthony,Garcia,1981-08-02,m,usa,nevada,investment,2,yes,website,45.0,1,C2: First-Time Buyers
C0264,individual,Melissa,Baker,1992-09-12,f,usa,colorado,home,2,yes,agency,34.0,2,C3: Corporate Buyers
C0265,company,Celera,Co,,m,belgium,flanders,home,1,no,website,56.0,1,C2: First-Time Buyers
C0266,individual,Aaron,Owens,,m,usa,california,home,5,yes,agency,56.0,0,C1: Global Investors
C0267,individual,Judy,Howard,1948-11-12,f,usa,utah,home,4,yes,agency,78.0,3,C4: Luxury Investors
C0268,individual,Danielle,Carter,,f,usa,georgia,investment,3,no,website,56.0,0,C1: Global Investors
C0269,individual,David,Stewart,1969-02-04,m,usa,new york,home,2,no,agency,57.0,1,C2: First-Time Buyers
C0270,individual,Megan,Allen,,f,usa,florida,home,5,no,website,56.0,0,C1: Global Investors
C0271,individual,Laura,Hughes,,f,usa,california,investment,3,no,agency,56.0,0,C1: Global Investors
C0272,individual,Pamela,Green,1993-08-03,f,uk,scotland,home,5,yes,website,33.0,2,C3: Corporate Buyers
C0273,individual,Paul,Morales,,m,denmark,zealand,investment,2,no,website,56.0,1,C2: First-Time Buyers
C0274,individual,Raymond,Young,1950-10-01,m,usa,florida,home,2,no,website,76.0,3,C4: Luxury Investors
C0275,individual,William,Thompson,,m,usa,oregon,home,1,yes,website,56.0,1,C2: First-Time Buyers
C0276,individual,Gloria,Harris,,f,usa,washington,home,5,no,website,56.0,0,C1: Global Investors
C0277,individual,Jordan,Garcia,,m,usa,colorado,investment,1,yes,agency,56.0,1,C2: First-Time Buyers
C0278,individual,Margaret,Foster,1955-08-03,f,usa,california,investment,2,yes,website,71.0,3,C4: Luxury Investors
C0279,individual,Heather,Montgomery,,f,usa,oregon,home,1,no,website,56.0,1,C2: First-Time Buyers
C0280,individual,Nathan,Price,,m,usa,florida,home,4,no,client,56.0,0,C1: Global Investors
C0281,individual,Katherine,Phillips,,f,usa,california,home,1,yes,agency,56.0,1,C2: First-Time Buyers
C0282,individual,Emily,Owens,,f,usa,california,investment,1,no,website,56.0,1,C2: First-Time Buyers
C0283,individual,Susan,Edwards,1962-05-12,f,usa,arizona,home,2,yes,agency,64.0,1,C2: First-Time Buyers
C0284,individual,Patrick,Owens,,m,usa,arizona,home,4,no,client,56.0,0,C1: Global Investors
C0285,individual,Billy,Parker,1999-03-09,m,france,ile-de-france,investment,3,no,website,27.0,2,C3: Corporate Buyers
C0286,individual,Noah,Brooks,,m,uk,scotland,home,1,no,agency,56.0,1,C2: First-Time Buyers
C0287,individual,Joan,Bell,1990-06-10,f,australia,new south wales,home,5,no,website,36.0,2,C3: Corporate Buyers
C0288,individual,Kevin,Freeman,1997-11-03,m,usa,colorado,investment,4,no,agency,29.0,2,C3: Corporate Buyers
C0289,individual,Laura,Hayes,,f,usa,california,investment,5,no,agency,56.0,0,C1: Global Investors
C0290,individual,Ryan,Watson,1962-01-01,m,usa,california,home,2,no,website,64.0,1,C2: First-Time Buyers
C0291,individual,James,Bryant,1953-07-06,m,usa,nevada,home,2,no,agency,73.0,3,C4: Luxury Investors
C0292,individual,Karen,Watson,1945-12-02,f,usa,california,home,1,no,agency,81.0,3,C4: Luxury Investors
C0293,individual,Ruth,Collins,1993-07-01,f,usa,california,investment,4,no,website,33.0,2,C3: Corporate Buyers
C0294,individual,Nicholas,Reyes,,m,usa,nevada,home,3,yes,website,56.0,0,C1: Global Investors
C0295,individual,Roger,Harris,1967-09-07,m,russia,tatarstan,home,3,no,agency,59.0,0,C1: Global Investors
C0296,individual,Mark,Young,1984-04-06,m,canada,manitoba,home,1,yes,client,42.0,1,C2: First-Time Buyers
C0297,individual,Julia,Murray,,f,uk,wales,investment,5,no,agency,56.0,0,C1: Global Investors
C0298,individual,Sarah,Patterson,1972-11-10,f,usa,oregon,home,3,no,website,54.0,0,C1: Global Investors
C0299,individual,Barbara,Davis,1977-05-03,f,uk,wales,home,5,no,agency,49.0,0,C1: Global Investors
C0300,individual,Zachary,Peterson,1959-04-11,m,canada,alberta,home,5,yes,website,67.0,0,C1: Global Investors
C0301,individual,Lisa,Alexander,1959-03-02,f,usa,virginia,home,4,no,agency,67.0,0,C1: Global Investors
C0302,individual,Maria,Edwards,,f,usa,utah,investment,1,no,agency,56.0,1,C2: First-Time Buyers
C0303,individual,Betty,Owens,1957-07-10,f,usa,virginia,investment,5,yes,website,69.0,0,C1: Global Investors
C0304,individual,Patrick,Morris,,m,usa,california,investment,1,no,agency,56.0,1,C2: First-Time Buyers
C0305,individual,Emily,Kim,,f,usa,arizona,home,1,no,website,56.0,1,C2: First-Time Buyers
C0306,individual,Samuel,Foster,1988-04-05,m,usa,california,home,1,no,client,38.0,2,C3: Corporate Buyers
C0307,individual,Samuel,Freeman,,m,usa,california,home,5,yes,client,56.0,0,C1: Global Investors
C0308,individual,Catherine,Roberts,1972-10-10,f,belgium,flanders,investment,4,yes,agency,54.0,0,C1: Global Investors
C0309,individual,Stephanie,Cox,,f,usa,washington,home,4,no,agency,56.0,0,C1: Global Investors
C0310,individual,Edward,Weaver,1992-05-02,m,uk,northern ireland,home,3,no,website,34.0,2,C3: Corporate Buyers
C0311,individual,Justin,Anderson,1952-03-09,m,usa,georgia,home,2,no,website,74.0,3,C4: Luxury Investors
C0312,individual,Zachary,Cooper,,m,usa,nevada,home,3,yes,website,56.0,0,C1: Global Investors
C0313,company,Stratos,Co,1974-04-12,m,usa,california,home,1,no,agency,52.0,1,C2: First-Time Buyers
C0314,individual,Andrew,Jones,,m,usa,washington,investment,4,no,agency,56.0,0,C1: Global Investors
C0315,individual,Michael,Phillips,,m,mexico,baja california,investment,5,no,website,56.0,0,C1: Global Investors
C0316,individual,Brandon,Martin,,m,uk,scotland,investment,4,yes,website,56.0,0,C1: Global Investors
C0317,individual,Amber,Hansen,,f,usa,california,investment,2,yes,website,56.0,1,C2: First-Time Buyers
C0318,individual,Amy,Peterson,,f,germany,berlin,home,5,no,website,56.0,0,C1: Global Investors
C0319,company,Zynex,Co,1995-11-12,f,usa,texas,home,5,yes,website,31.0,2,C3: Corporate Buyers
C0320,individual,Tyler,Cox,1984-12-01,m,usa,texas,home,3,yes,client,42.0,2,C3: Corporate Buyers
C0321,individual,Jesse,Cook,1992-01-12,m,usa,california,investment,2,no,agency,34.0,2,C3: Corporate Buyers
C0322,individual,Deborah,Moore,,f,usa,california,home,2,yes,website,56.0,1,C2: First-Time Buyers
C0323,individual,Samantha,Hayes,,f,usa,california,investment,2,yes,website,56.0,1,C2: First-Time Buyers
C0324,individual,Raymond,Parker,,m,usa,washington,home,4,no,website,56.0,0,C1: Global Investors
C0325,individual,Maria,Flores,,f,usa,california,home,5,yes,agency,56.0,0,C1: Global Investors
C0326,individual,Daniel,Reed,1958-05-10,m,usa,oregon,investment,4,yes,agency,68.0,3,C4: Luxury Investors
C0327,individual,Elizabeth,Ward,1961-07-09,f,uk,scotland,home,1,no,agency,65.0,1,C2: First-Time Buyers
C0328,individual,William,Young,,m,usa,california,home,1,yes,client,56.0,1,C2: First-Time Buyers
C0329,individual,Diane,Morales,1998-10-05,f,germany,hesse,home,3,no,agency,28.0,2,C3: Corporate Buyers
C0330,individual,Christian,Richardson,,m,usa,california,home,1,no,website,56.0,1,C2: First-Time Buyers
C0331,individual,Ann,Martin,,f,usa,california,investment,3,no,agency,56.0,0,C1: Global Investors
C0332,individual,Christopher,Price,,m,usa,texas,investment,3,no,website,56.0,0,C1: Global Investors
C0333,individual,Helen,Hall,,f,uk,wales,home,3,no,website,56.0,0,C1: Global Investors
C0334,individual,Andrew,Roberts,1950-08-01,m,usa,arizona,investment,3,no,agency,76.0,3,C4: Luxury Investors
C0335,individual,Charles,Morris,,m,usa,arizona,home,4,no,website,56.0,0,C1: Global Investors
C0336,individual,Karen,Price,,f,usa,california,investment,5,no,agency,56.0,0,C1: Global Investors
C0337,individual,Nathan,Alexander,,m,usa,arizona,home,3,yes,website,56.0,0,C1: Global Investors
C0338,individual,Patrick,Flores,,m,usa,california,home,5,yes,website,56.0,0,C1: Global Investors
C0339,individual,Keith,King,1963-10-05,m,usa,utah,investment,5,no,agency,63.0,0,C1: Global Investors
C0340,individual,Daniel,Garcia,,m,usa,california,investment,2,no,agency,56.0,1,C2: First-Time Buyers
C0341,individual,Carl,Chavez,1982-11-10,m,usa,california,investment,4,no,agency,44.0,0,C1: Global Investors
C0342,individual,Kevin,Hughes,,m,usa,california,investment,2,no,client,56.0,1,C2: First-Time Buyers
C0343,individual,Joyce,Thompson,,f,usa,california,home,2,no,website,56.0,1,C2: First-Time Buyers
C0344,individual,Joshua,Jackson,,m,canada,british columbia,home,2,yes,website,56.0,1,C2: First-Time Buyers
C0345,individual,Stephanie,Hall,,f,usa,new york,home,4,yes,website,56.0,0,C1: Global Investors
C0346,individual,Amy,Nelson,1963-06-02,f,usa,california,home,5,no,agency,63.0,0,C1: Global Investors
C0347,individual,Mark,Reyes,,m,usa,washington,home,3,yes,website,56.0,0,C1: Global Investors
C0348,individual,Jack,Pierce,,m,usa,colorado,investment,5,yes,agency,56.0,0,C1: Global Investors
C0349,individual,Paul,Jackson,,m,usa,arizona,home,2,yes,agency,56.0,1,C2: First-Time Buyers
C0350,individual,Richard,Jones,1992-12-11,m,usa,arizona,home,2,no,agency,34.0,2,C3: Corporate Buyers
C0351,individual,Michelle,Watson,,f,usa,oregon,home,5,no,agency,56.0,0,C1: Global Investors
C0352,individual,Judith,Williams,,f,usa,nevada,investment,3,no,agency,56.0,0,C1: Global Investors
C0353,individual,Anna,Murray,,f,usa,arizona,home,2,no,agency,56.0,1,C2: First-Time Buyers
C0354,individual,Kimberly,Turner,,f,usa,california,home,4,no,website,56.0,0,C1: Global Investors
C0355,individual,Henry,Alexander,,m,mexico,baja california,investment,1,no,website,56.0,1,C2: First-Time Buyers
C0356,individual,Andrea,Kim,1976-06-06,f,usa,georgia,home,3,no,website,50.0,0,C1: Global Investors
C0357,individual,Danielle,Griffin,1988-04-09,f,usa,california,home,3,no,website,38.0,2,C3: Corporate Buyers
C0358,individual,Katherine,Griffin,,f,australia,new south wales,home,3,yes,agency,56.0,0,C1: Global Investors
C0359,individual,Julie,Cooper,1951-03-10,f,usa,california,investment,1,no,agency,75.0,3,C4: Luxury Investors
C0360,individual,Laura,Baker,1948-09-09,f,usa,utah,home,2,yes,agency,78.0,3,C4: Luxury Investors
C0361,individual,Nicholas,Miller,1958-09-08,m,uk,england,home,1,yes,website,68.0,1,C2: First-Time Buyers
C0362,individual,Betty,Moore,2000-09-06,f,usa,utah,home,4,no,website,26.0,2,C3: Corporate Buyers
C0363,individual,Christine,Edwards,,f,usa,utah,investment,2,no,client,56.0,1,C2: First-Time Buyers
C0364,individual,George,Gray,1944-03-02,m,usa,texas,home,2,no,website,82.0,3,C4: Luxury Investors
C0365,individual,Brandon,Morales,1962-02-11,m,usa,colorado,investment,5,no,agency,64.0,0,C1: Global Investors
C0366,individual,Keith,Long,,m,usa,california,home,4,no,website,56.0,0,C1: Global Investors
C0367,individual,Samuel,Collins,,m,usa,california,investment,4,no,agency,56.0,0,C1: Global Investors
C0368,individual,Betty,Scott,1992-08-11,f,usa,california,home,4,yes,agency,34.0,2,C3: Corporate Buyers
C0369,individual,Helen,Murray,1954-10-01,f,usa,utah,home,2,yes,agency,72.0,3,C4: Luxury Investors
C0370,individual,Michelle,Brooks,,f,russia,krasnodar krai,home,1,no,website,56.0,1,C2: First-Time Buyers
C0371,individual,Ryan,Moore,,m,belgium,wallonia,investment,3,no,agency,56.0,0,C1: Global Investors
C0372,individual,Teresa,Nelson,,f,belgium,flanders,investment,1,no,agency,56.0,1,C2: First-Time Buyers
C0373,individual,Karen,Morales,,f,usa,georgia,home,2,no,agency,56.0,1,C2: First-Time Buyers
C0374,individual,Madison,Hughes,1993-11-07,f,australia,new south wales,investment,4,yes,agency,33.0,2,C3: Corporate Buyers
C0375,individual,Kyle,Thompson,,m,usa,california,investment,4,no,website,56.0,0,C1: Global Investors
C0376,individual,Shirley,Smith,,f,usa,california,home,3,no,website,56.0,0,C1: Global Investors
C0377,individual,Charles,Patterson,,m,usa,washington,home,4,no,website,56.0,0,C1: Global Investors
C0378,individual,Heather,Anderson,,f,usa,california,investment,3,yes,website,56.0,0,C1: Global Investors
C0379,company,Optima,Co,,m,usa,california,investment,2,yes,client,56.0,1,C2: First-Time Buyers
C0380,individual,Evelyn,Chavez,,f,usa,california,home,3,yes,website,56.0,0,C1: Global Investors
C0381,individual,David,Gray,1961-01-08,m,usa,california,home,5,yes,agency,65.0,0,C1: Global Investors
C0382,individual,Nicholas,Garcia,1975-08-08,m,usa,california,investment,1,yes,agency,51.0,1,C2: First-Time Buyers
C0383,company,Novex,Co,1985-11-09,f,mexico,mexico city,investment,3,no,agency,41.0,2,C3: Corporate Buyers
C0384,individual,Amy,Stewart,,f,usa,california,home,3,yes,website,56.0,0,C1: Global Investors
C0385,individual,Douglas,Owens,1969-01-12,m,uk,northern ireland,investment,4,no,website,57.0,0,C1: Global Investors
C0386,individual,Carol,Stewart,,f,usa,colorado,home,2,no,client,56.0,1,C2: First-Time Buyers
C0387,individual,Jessica,Owens,,f,usa,california,home,2,yes,website,56.0,1,C2: First-Time Buyers
C0388,individual,Zachary,Cox,,m,usa,california,home,4,no,agency,56.0,0,C1: Global Investors
C0389,individual,Ronald,Stone,,m,usa,colorado,home,3,no,website,56.0,0,C1: Global Investors
C0390,individual,Steven,Griffin,,m,canada,quebec,investment,2,no,website,56.0,1,C2: First-Time Buyers
C0391,individual,Heather,Long,1966-11-12,f,usa,california,home,5,no,agency,60.0,0,C1: Global Investors
C0392,individual,Katherine,Adams,,f,usa,arizona,home,2,yes,website,56.0,1,C2: First-Time Buyers
C0393,individual,Nicole,Allen,1988-06-08,f,usa,arizona,home,4,no,agency,38.0,2,C3: Corporate Buyers
C0394,individual,Shirley,Foster,,f,usa,colorado,home,3,yes,website,56.0,0,C1: Global Investors
C0395,individual,Deborah,Chavez,,f,usa,florida,home,1,no,website,56.0,1,C2: First-Time Buyers
C0396,individual,Charles,Allen,,m,usa,nevada,home,5,no,agency,56.0,0,C1: Global Investors
C0397,individual,Hannah,Williams,,f,usa,california,home,5,no,website,56.0,0,C1: Global Investors
C0398,individual,Jennifer,Alexander,,f,usa,texas,home,1,yes,agency,56.0,1,C2: First-Time Buyers
C0399,individual,Albert,Kim,1984-06-09,m,usa,california,home,4,no,agency,42.0,2,C3: Corporate Buyers
C0400,individual,Brandon,Anderson,,m,usa,california,home,4,no,agency,56.0,0,C1: Global Investors
C0401,individual,Brian,Anderson,,m,usa,arizona,home,5,yes,website,56.0,0,C1: Global Investors
C0402,individual,Brenda,Garcia,,f,usa,georgia,home,5,no,website,56.0,0,C1: Global Investors
C0403,individual,Jennifer,Adams,,f,australia,new south wales,home,1,no,website,56.0,1,C2: First-Time Buyers
C0404,individual,Sara,Cook,1976-12-05,f,france,normandy,investment,1,no,client,50.0,1,C2: First-Time Buyers
C0405,company,Horizon,Co,,m,usa,colorado,home,1,no,agency,56.0,1,C2: First-Time Buyers
C0406,individual,Christine,Brown,,f,usa,colorado,home,3,no,website,56.0,0,C1: Global Investors
C0407,individual,Lisa,Freeman,,f,usa,california,home,2,no,client,56.0,1,C2: First-Time Buyers
C0408,individual,Tyler,Rogers,1977-02-03,m,usa,california,home,3,no,website,49.0,0,C1: Global Investors
C0409,individual,Timothy,Reyes,,m,usa,nevada,home,1,yes,website,56.0,1,C2: First-Time Buyers
C0410,individual,Diane,Johnson,,f,russia,saint petersburg,home,5,yes,agency,56.0,0,C1: Global Investors
C0411,individual,Amanda,Moore,1983-05-09,f,usa,california,home,2,no,website,43.0,2,C3: Corporate Buyers
C0412,individual,Karen,Richardson,,f,uk,scotland,home,5,no,website,56.0,0,C1: Global Investors
C0413,individual,Brandon,Smith,1940-07-11,m,canada,british columbia,home,3,no,website,86.0,3,C4: Luxury Investors
C0414,individual,Brandon,Reed,1962-12-07,m,usa,california,home,4,no,website,64.0,0,C1: Global Investors
C0415,individual,Grace,Turner,1980-07-09,f,usa,nevada,home,5,yes,agency,46.0,0,C1: Global Investors
C0416,company,Bravada,Co,,m,germany,north rhine-westphalia,investment,5,yes,client,56.0,0,C1: Global Investors
C0417,individual,Peter,Collins,1947-12-03,m,usa,utah,home,2,no,website,79.0,3,C4: Luxury Investors
C0418,individual,Douglas,Howard,,m,usa,arizona,home,5,no,agency,56.0,0,C1: Global Investors
C0419,individual,Jack,Hansen,1962-11-03,m,usa,washington,home,3,yes,agency,64.0,0,C1: Global Investors
C0420,individual,Debra,Reyes,1994-01-04,f,usa,california,home,5,no,agency,32.0,2,C3: Corporate Buyers
C0421,individual,Zachary,Cox,,m,germany,hesse,investment,5,yes,website,56.0,0,C1: Global Investors
C0422,company,Telnox,Co,,f,usa,california,home,1,yes,client,56.0,1,C2: First-Time Buyers
C0423,individual,Rachel,Sanders,,f,usa,california,home,1,no,client,56.0,1,C2: First-Time Buyers
C0424,individual,Sarah,Stewart,1998-12-04,f,usa,florida,home,1,no,website,28.0,2,C3: Corporate Buyers
C0425,individual,Gerald,Wright,1965-03-11,m,usa,nevada,home,2,no,agency,61.0,1,C2: First-Time Buyers
C0426,individual,Julie,Brown,1953-10-07,f,usa,oregon,home,4,yes,client,73.0,3,C4: Luxury Investors
C0427,individual,Sarah,Peterson,1994-09-06,f,usa,california,home,4,yes,website,32.0,2,C3: Corporate Buyers
C0428,individual,Gloria,Rogers,,f,usa,oregon,home,3,no,agency,56.0,0,C1: Global Investors
C0429,individual,Danielle,Stone,1995-11-05,f,usa,california,home,3,yes,website,31.0,2,C3: Corporate Buyers
C0430,individual,Roger,Wood,1974-10-05,m,usa,nevada,home,2,no,agency,52.0,1,C2: First-Time Buyers
C0431,individual,Austin,King,1969-05-05,m,usa,california,home,5,yes,website,57.0,0,C1: Global Investors
C0432,company,Grandis,Co,,m,usa,california,home,5,no,agency,56.0,0,C1: Global Investors
C0433,individual,Ruth,Hughes,1969-03-03,f,usa,california,investment,2,yes,website,57.0,1,C2: First-Time Buyers
C0434,individual,Amanda,Sanders,,f,russia,tatarstan,home,5,no,website,56.0,0,C1: Global Investors
C0435,individual,Sara,Richardson,,f,australia,new south wales,home,5,yes,website,56.0,0,C1: Global Investors
C0436,individual,Brandon,Jones,1972-05-12,m,usa,colorado,home,2,yes,client,54.0,1,C2: First-Time Buyers
C0437,individual,Danielle,James,1990-10-05,f,usa,texas,home,1,no,website,36.0,2,C3: Corporate Buyers
C0438,individual,Gregory,Collins,1982-10-09,m,usa,georgia,investment,1,yes,client,44.0,1,C2: First-Time Buyers
C0439,individual,Larry,Thompson,1956-03-08,m,usa,virginia,home,2,no,agency,70.0,3,C4: Luxury Investors
C0440,individual,Lawrence,Parker,,m,usa,california,investment,1,no,agency,56.0,1,C2: First-Time Buyers
C0441,individual,Joan,Foster,1980-10-01,f,russia,krasnodar krai,investment,1,no,agency,46.0,1,C2: First-Time Buyers
C0442,individual,Sarah,Hansen,,f,usa,colorado,home,3,yes,website,56.0,0,C1: Global Investors
C0443,individual,Noah,Foster,,m,denmark,capital region,home,1,yes,agency,56.0,1,C2: First-Time Buyers
C0444,individual,Jennifer,Martin,,f,usa,california,home,2,no,website,56.0,1,C2: First-Time Buyers
C0445,individual,Michelle,Evans,1995-11-12,f,usa,california,home,2,yes,website,31.0,2,C3: Corporate Buyers
C0446,individual,Douglas,Thomas,1955-02-01,m,usa,colorado,home,2,no,website,71.0,3,C4: Luxury Investors
C0447,individual,Patricia,Johnson,,f,usa,new york,home,2,no,website,56.0,1,C2: First-Time Buyers
C0448,individual,Mark,White,1980-06-10,m,usa,nevada,investment,2,no,agency,46.0,1,C2: First-Time Buyers
C0449,individual,Jordan,King,,m,usa,oregon,investment,2,no,agency,56.0,1,C2: First-Time Buyers
C0450,individual,Matthew,Jackson,,m,mexico,nuevo leon,home,3,no,website,56.0,0,C1: Global Investors
C0451,individual,Larry,Anderson,,m,canada,alberta,investment,5,yes,client,56.0,0,C1: Global Investors
C0452,individual,Brandon,Adams,,m,usa,washington,home,3,no,website,56.0,0,C1: Global Investors
C0453,individual,Carl,Wood,,m,uk,scotland,investment,1,no,website,56.0,1,C2: First-Time Buyers
C0454,company,Altira,Co,1961-04-01,f,usa,nevada,investment,4,no,agency,65.0,0,C1: Global Investors
C0455,individual,Karen,Williams,1963-02-01,f,usa,california,home,1,no,agency,63.0,1,C2: First-Time Buyers
C0456,individual,Virginia,Brooks,,f,usa,oregon,home,3,yes,website,56.0,0,C1: Global Investors
C0457,individual,Kenneth,Hansen,,m,uk,wales,investment,1,no,agency,56.0,1,C2: First-Time Buyers
C0458,individual,Thomas,Turner,1995-07-04,m,usa,oregon,investment,1,no,agency,31.0,2,C3: Corporate Buyers
C0459,individual,Steven,Johnson,,m,usa,california,home,3,no,agency,56.0,0,C1: Global Investors
C0460,individual,Amanda,Cox,,f,usa,virginia,home,1,no,website,56.0,1,C2: First-Time Buyers
C0461,individual,Jonathan,Peterson,,m,usa,arizona,home,1,no,agency,56.0,1,C2: First-Time Buyers
C0462,individual,Eric,White,,m,australia,victoria,home,2,no,agency,56.0,1,C2: First-Time Buyers
C0463,individual,Nicholas,Garcia,,m,usa,california,home,5,no,client,56.0,0,C1: Global Investors
C0464,individual,Gregory,Turner,1974-12-11,m,usa,florida,home,5,no,website,52.0,0,C1: Global Investors
C0465,individual,George,Carter,1949-09-02,m,usa,california,home,3,no,website,77.0,3,C4: Luxury Investors
C0466,individual,Patricia,Cox,,f,usa,virginia,investment,2,no,website,56.0,1,C2: First-Time Buyers
C0467,individual,Rebecca,Chavez,1952-04-05,f,usa,ohio,home,1,yes,agency,74.0,3,C4: Luxury Investors
C0468,individual,Raymond,Smith,,m,mexico,jalisco,investment,3,yes,website,56.0,0,C1: Global Investors
C0469,individual,Adam,Foster,,m,usa,california,home,2,no,website,56.0,1,C2: First-Time Buyers
C0470,individual,Joan,Anderson,,f,usa,oregon,home,1,no,agency,56.0,1,C2: First-Time Buyers
C0471,individual,Gary,Collins,,m,usa,utah,investment,3,no,agency,56.0,0,C1: Global Investors
C0472,individual,Edward,Moore,1951-10-04,m,usa,california,home,4,no,website,75.0,3,C4: Luxury Investors
C0473,individual,Sharon,Price,1981-08-09,f,usa,california,home,3,no,agency,45.0,2,C3: Corporate Buyers
C0474,individual,Gregory,Young,1995-12-08,m,usa,nevada,home,1,no,website,31.0,2,C3: Corporate Buyers
C0475,individual,William,Brooks,,m,belgium,wallonia,investment,2,yes,agency,56.0,1,C2: First-Time Buyers
C0476,individual,Steven,Johnson,1997-04-05,m,usa,florida,home,3,no,agency,29.0,2,C3: Corporate Buyers
C0477,individual,Jesse,Stone,1984-02-01,m,usa,california,investment,4,yes,website,42.0,2,C3: Corporate Buyers
C0478,individual,Ashley,Garcia,1940-08-02,f,usa,ohio,investment,4,no,website,86.0,3,C4: Luxury Investors
C0479,individual,Virginia,Wright,1978-04-06,f,usa,california,home,2,yes,agency,48.0,1,C2: First-Time Buyers
C0480,individual,Scott,Bryant,,m,usa,california,home,4,yes,website,56.0,0,C1: Global Investors
C0481,individual,Sean,Williams,1976-12-12,m,usa,arizona,home,3,no,agency,50.0,0,C1: Global Investors
C0482,individual,Deborah,Brown,1980-10-08,f,usa,new york,investment,3,yes,agency,46.0,2,C3: Corporate Buyers
C0483,individual,Kevin,Jackson,1985-11-08,m,usa,arizona,investment,1,no,website,41.0,1,C2: First-Time Buyers
C0484,individual,Janet,Wright,,f,usa,texas,investment,3,no,website,56.0,0,C1: Global Investors
C0485,individual,Julia,Morales,1991-10-07,f,usa,arizona,home,2,no,website,35.0,2,C3: Corporate Buyers
C0486,individual,Billy,Carter,,m,usa,california,investment,2,yes,website,56.0,1,C2: First-Time Buyers
C0487,individual,Jessica,Williams,,f,usa,washington,home,5,no,website,56.0,0,C1: Global Investors
C0488,individual,Megan,Jackson,1979-05-11,f,usa,california,investment,4,no,agency,47.0,0,C1: Global Investors
C0489,individual,Austin,Jordan,1950-06-08,m,germany,berlin,investment,2,no,website,76.0,3,C4: Luxury Investors
C0490,individual,Emily,Wright,,f,usa,nevada,investment,5,yes,website,56.0,0,C1: Global Investors
C0491,individual,Noah,White,1941-08-05,m,usa,washington,home,2,no,website,85.0,3,C4: Luxury Investors
C0492,individual,Raymond,Price,2000-05-07,m,usa,utah,home,3,yes,website,26.0,2,C3: Corporate Buyers
C0493,individual,Tyler,Hughes,1954-07-06,m,usa,colorado,home,3,no,website,72.0,3,C4: Luxury Investors
C0494,individual,Grace,Carter,1990-08-03,f,usa,california,home,3,yes,website,36.0,2,C3: Corporate Buyers
C0495,individual,Jerry,Hall,,m,usa,california,investment,5,no,client,56.0,0,C1: Global Investors
C0496,individual,Billy,Reyes,1990-01-04,m,usa,california,home,4,no,agency,36.0,2,C3: Corporate Buyers
C0497,individual,Emma,Stewart,1985-02-02,f,usa,arizona,investment,4,yes,website,41.0,2,C3: Corporate Buyers
C0498,individual,Nancy,Collins,,f,canada,alberta,home,2,yes,website,56.0,1,C2: First-Time Buyers
C0499,individual,Lisa,Patterson,1946-02-10,f,usa,colorado,home,3,yes,agency,80.0,3,C4: Luxury Investors
C0500,individual,Dennis,Howard,,m,usa,california,home,4,yes,website,56.0,0,C1: Global Investors
C0501,individual,Kenneth,Jackson,1995-11-12,m,usa,nevada,investment,5,yes,agency,31.0,2,C3: Corporate Buyers
C0502,individual,Madison,Gray,,f,usa,arizona,home,4,no,website,56.0,0,C1: Global Investors
C0503,individual,Keith,Peterson,,m,usa,utah,investment,2,yes,client,56.0,1,C2: First-Time Buyers
C0504,individual,Jeffrey,Green,,m,usa,utah,home,2,no,website,56.0,1,C2: First-Time Buyers
C0505,individual,Katherine,Wilson,,f,usa,arizona,home,3,no,agency,56.0,0,C1: Global Investors
C0506,individual,Albert,Stone,1967-07-04,m,usa,california,home,5,no,agency,59.0,0,C1: Global Investors
C0507,individual,Mark,Morales,,m,usa,new york,home,3,no,website,56.0,0,C1: Global Investors
C0508,individual,Grace,Weaver,1970-01-06,f,usa,nevada,home,5,no,agency,56.0,0,C1: Global Investors
C0509,individual,Aaron,Cook,1956-04-02,m,belgium,wallonia,home,3,no,website,70.0,3,C4: Luxury Investors
C0510,individual,Samantha,Evans,,f,france,brittany,investment,1,yes,website,56.0,1,C2: First-Time Buyers
C0511,individual,Christine,Parker,,f,uk,england,home,2,no,website,56.0,1,C2: First-Time Buyers
C0512,individual,Hannah,Flores,,f,usa,arizona,home,1,no,client,56.0,1,C2: First-Time Buyers
C0513,individual,Christian,Morales,1999-03-07,m,usa,florida,home,2,yes,agency,27.0,2,C3: Corporate Buyers
C0514,individual,Rebecca,Evans,,f,usa,oregon,home,1,yes,website,56.0,1,C2: First-Time Buyers
C0515,individual,Melissa,Patterson,1963-09-12,f,usa,california,home,1,yes,website,63.0,1,C2: First-Time Buyers
C0516,individual,Lawrence,Nelson,,m,usa,utah,home,3,no,website,56.0,0,C1: Global Investors
C0517,individual,Harold,Thompson,,m,usa,california,home,5,no,client,56.0,0,C1: Global Investors
C0518,company,Lumina,Co,,f,usa,new york,home,3,no,website,56.0,0,C1: Global Investors
C0519,individual,Madison,Freeman,1975-10-04,f,usa,arizona,investment,3,no,agency,51.0,0,C1: Global Investors
C0520,individual,Helen,White,1970-02-11,f,usa,oregon,home,3,yes,agency,56.0,0,C1: Global Investors
C0521,individual,Stephanie,Allen,1967-04-02,f,canada,british columbia,home,3,no,website,59.0,0,C1: Global Investors
C0522,individual,Nicole,Campbell,,f,usa,virginia,home,5,no,agency,56.0,0,C1: Global Investors
C0523,individual,Cynthia,Hansen,,f,usa,colorado,home,2,no,agency,56.0,1,C2: First-Time Buyers
C0524,individual,Harold,Thompson,,m,usa,washington,home,3,no,website,56.0,0,C1: Global Investors
C0525,individual,Frank,Gray,1950-06-12,m,usa,arizona,home,4,yes,agency,76.0,3,C4: Luxury Investors
C0526,individual,Harold,Green,,m,germany,bavaria,home,5,no,website,56.0,0,C1: Global Investors
C0527,individual,Andrew,Baker,,m,usa,california,home,2,no,website,56.0,1,C2: First-Time Buyers
C0528,individual,Benjamin,Davis,2000-08-09,m,usa,washington,investment,2,no,client,26.0,2,C3: Corporate Buyers
C0529,individual,Paul,Jordan,,m,usa,nevada,home,4,yes,website,56.0,0,C1: Global Investors
C0530,individual,Patricia,Reed,1952-09-07,f,usa,utah,home,2,yes,agency,74.0,3,C4: Luxury Investors
C0531,individual,Emily,White,,f,usa,california,home,1,no,website,56.0,1,C2: First-Time Buyers
C0532,individual,Lauren,Moore,1979-08-12,f,belgium,flanders,home,2,no,website,47.0,1,C2: First-Time Buyers
C0533,individual,Jeffrey,Williams,1963-09-06,m,usa,nevada,investment,1,no,agency,63.0,1,C2: First-Time Buyers
C0534,individual,Bryan,Miller,,m,usa,california,investment,1,no,agency,56.0,1,C2: First-Time Buyers
C0535,individual,Judith,Allen,,f,uk,wales,home,3,no,agency,56.0,0,C1: Global Investors
C0536,individual,Brittany,Weaver,,f,usa,arizona,investment,5,yes,website,56.0,0,C1: Global Investors
C0537,individual,Carl,Baker,,m,usa,florida,home,2,no,client,56.0,1,C2: First-Time Buyers
C0538,individual,Richard,Pierce,,m,usa,california,home,1,yes,agency,56.0,1,C2: First-Time Buyers
C0539,individual,Lawrence,Bryant,,m,usa,california,investment,1,yes,agency,56.0,1,C2: First-Time Buyers
C0540,individual,Anna,Long,,f,usa,new york,home,3,no,agency,56.0,0,C1: Global Investors
C0541,individual,Anthony,Garcia,,m,uk,northern ireland,home,3,no,agency,56.0,0,C1: Global Investors
C0542,company,Lumina,Co,,m,mexico,mexico city,home,3,no,website,56.0,0,C1: Global Investors
C0543,individual,Joan,Parker,,f,usa,texas,home,2,yes,website,56.0,1,C2: First-Time Buyers
C0544,individual,Kevin,White,,m,usa,utah,home,2,no,website,56.0,1,C2: First-Time Buyers
C0545,individual,Paul,Griffin,1942-08-04,m,usa,colorado,home,1,yes,agency,84.0,3,C4: Luxury Investors
C0546,individual,Samuel,Flores,,m,canada,manitoba,home,4,no,client,56.0,0,C1: Global Investors
C0547,individual,Diane,Allen,,f,usa,california,investment,2,no,agency,56.0,1,C2: First-Time Buyers
C0548,individual,Christopher,Foster,1980-04-11,m,usa,california,home,2,no,agency,46.0,1,C2: First-Time Buyers
C0549,individual,Daniel,Sanders,,m,usa,florida,home,4,no,website,56.0,0,C1: Global Investors
C0550,company,Vertex,Co,1967-04-09,f,usa,nevada,home,1,no,agency,59.0,1,C2: First-Time Buyers
C0551,individual,Billy,Freeman,,m,usa,california,investment,4,no,website,56.0,0,C1: Global Investors
C0552,individual,Kyle,Cook,,m,usa,virginia,investment,3,no,agency,56.0,0,C1: Global Investors
C0553,individual,James,Bell,,m,usa,arizona,home,3,no,website,56.0,0,C1: Global Investors
C0554,individual,Carl,Moore,,m,australia,victoria,home,1,yes,agency,56.0,1,C2: First-Time Buyers
C0555,individual,Aaron,Nelson,,m,usa,california,investment,4,yes,agency,56.0,0,C1: Global Investors
C0556,individual,Zachary,Sanders,,m,usa,colorado,home,5,no,website,56.0,0,C1: Global Investors
C0557,individual,Judy,Griffin,,f,usa,utah,investment,2,no,website,56.0,1,C2: First-Time Buyers
C0558,individual,Cheryl,Wood,,f,denmark,north denmark,home,3,no,website,56.0,0,C1: Global Investors
C0559,company,Corvus,Co,,m,usa,california,home,5,no,client,56.0,0,C1: Global Investors
C0560,individual,Janice,Nelson,,f,australia,south australia,home,3,no,website,56.0,0,C1: Global Investors
C0561,company,Bravada,Co,,f,usa,arizona,investment,3,no,website,56.0,0,C1: Global Investors
C0562,individual,Judy,Peterson,,f,usa,utah,investment,5,yes,website,56.0,0,C1: Global Investors
C0563,individual,William,Howard,,m,usa,california,home,2,yes,agency,56.0,1,C2: First-Time Buyers
C0564,individual,Scott,Adams,1952-09-02,m,usa,texas,home,1,no,agency,74.0,3,C4: Luxury Investors
C0565,individual,Austin,Wood,,m,france,brittany,home,1,no,website,56.0,1,C2: First-Time Buyers
C0566,individual,Janice,Miller,2000-12-09,f,usa,oregon,investment,4,yes,agency,26.0,2,C3: Corporate Buyers
C0567,individual,Megan,Chavez,1953-10-07,f,russia,saint petersburg,investment,2,yes,agency,73.0,3,C4: Luxury Investors
C0568,individual,Timothy,Wright,1953-09-04,m,usa,california,home,3,no,website,73.0,3,C4: Luxury Investors
C0569,individual,Mary,Cook,1971-12-05,f,usa,california,home,5,yes,client,55.0,0,C1: Global Investors
C0570,individual,Hannah,Peterson,1965-06-03,f,france,occitanie,home,5,yes,website,61.0,0,C1: Global Investors
C0571,individual,Adam,Chavez,1966-07-03,m,usa,california,home,3,no,website,60.0,0,C1: Global Investors
C0572,individual,Ann,Johnson,1993-11-12,f,usa,california,investment,5,no,website,33.0,2,C3: Corporate Buyers
C0573,company,Altira,Co,,m,usa,georgia,home,4,yes,agency,56.0,0,C1: Global Investors
C0574,individual,Gerald,Cox,,m,usa,california,home,2,no,agency,56.0,1,C2: First-Time Buyers
C0575,individual,Brian,Hansen,,m,usa,california,investment,2,no,website,56.0,1,C2: First-Time Buyers
C0576,individual,Terry,Reyes,,m,germany,hamburg,home,1,no,client,56.0,1,C2: First-Time Buyers
C0577,individual,Christopher,Miller,,m,usa,arizona,home,3,no,website,56.0,0,C1: Global Investors
C0578,individual,Lauren,Rogers,,f,usa,arizona,home,5,yes,client,56.0,0,C1: Global Investors
C0579,individual,Christopher,Ward,1941-09-04,m,usa,texas,investment,3,no,website,85.0,3,C4: Luxury Investors
C0580,individual,Heather,Watson,1948-11-01,f,usa,california,home,2,yes,client,78.0,3,C4: Luxury Investors
C0581,individual,Kimberly,Stewart,,f,usa,california,investment,5,yes,website,56.0,0,C1: Global Investors
C0582,individual,Teresa,Pierce,1940-02-10,f,usa,washington,investment,3,yes,website,86.0,3,C4: Luxury Investors
C0583,individual,Kevin,Scott,,m,usa,california,home,2,no,agency,56.0,1,C2: First-Time Buyers
C0584,individual,Janice,Taylor,1982-11-03,f,usa,california,home,5,no,website,44.0,0,C1: Global Investors
C0585,individual,Anthony,Edwards,1961-02-07,m,usa,colorado,home,3,no,agency,65.0,3,C4: Luxury Investors
C0586,individual,Noah,Morales,,m,usa,california,home,2,yes,client,56.0,1,C2: First-Time Buyers
C0587,individual,Pamela,Richardson,,f,usa,new york,home,4,no,website,56.0,0,C1: Global Investors
C0588,individual,Janice,White,,f,usa,florida,home,2,no,website,56.0,1,C2: First-Time Buyers
C0589,individual,Christopher,Williams,,m,usa,texas,investment,5,no,client,56.0,0,C1: Global Investors
C0590,individual,Arthur,Campbell,,m,uk,scotland,investment,2,no,website,56.0,1,C2: First-Time Buyers
C0591,individual,Dorothy,Long,1968-09-03,f,usa,nevada,home,1,no,website,58.0,1,C2: First-Time Buyers
C0592,individual,Roger,Moore,1972-03-06,m,usa,arizona,investment,2,no,client,54.0,1,C2: First-Time Buyers
C0593,individual,Elizabeth,Carter,1952-08-08,f,usa,california,home,2,yes,agency,74.0,3,C4: Luxury Investors
C0594,individual,Diane,Patterson,1942-08-02,f,usa,utah,home,1,no,agency,84.0,3,C4: Luxury Investors
C0595,individual,Anna,Murray,1966-10-06,f,usa,utah,home,3,no,agency,60.0,0,C1: Global Investors
C0596,individual,Gerald,Phillips,,m,usa,nevada,home,4,no,agency,56.0,0,C1: Global Investors
C0597,individual,Peter,King,,m,uk,northern ireland,home,2,yes,website,56.0,1,C2: First-Time Buyers
C0598,individual,Jacob,Gray,,m,usa,colorado,investment,4,no,website,56.0,0,C1: Global Investors
C0599,individual,Jennifer,Turner,,f,canada,alberta,home,2,no,agency,56.0,1,C2: First-Time Buyers
C0600,individual,Thomas,King,,m,usa,oregon,investment,1,no,client,56.0,1,C2: First-Time Buyers
C0601,individual,Lisa,Nelson,,f,usa,california,home,4,no,website,56.0,0,C1: Global Investors
C0602,individual,Albert,Hayes,,m,germany,bavaria,home,4,no,agency,56.0,0,C1: Global Investors
C0603,individual,Diane,Thompson,1994-01-07,f,usa,new york,home,4,yes,agency,32.0,2,C3: Corporate Buyers
C0604,individual,Danielle,Montgomery,,f,belgium,wallonia,home,1,no,agency,56.0,1,C2: First-Time Buyers
C0605,individual,Nathan,Flores,,m,usa,utah,home,4,yes,agency,56.0,0,C1: Global Investors
C0606,individual,Carolyn,Stone,,f,france,ile-de-france,investment,1,no,website,56.0,1,C2: First-Time Buyers
C0607,individual,Daniel,Edwards,,m,usa,california,home,1,no,agency,56.0,1,C2: First-Time Buyers
C0608,individual,Jerry,Adams,,m,usa,california,home,4,no,agency,56.0,0,C1: Global Investors
C0609,individual,Julia,Richardson,,f,usa,washington,home,4,no,agency,56.0,0,C1: Global Investors
C0610,individual,Ann,Owens,1970-05-10,f,usa,california,investment,4,no,website,56.0,0,C1: Global Investors
C0611,individual,Jacob,Price,1950-12-06,m,usa,california,home,4,no,agency,76.0,3,C4: Luxury Investors
C0612,individual,Kevin,Wood,,m,usa,florida,home,4,no,agency,56.0,0,C1: Global Investors
C0613,individual,Cynthia,Cox,1995-10-02,f,australia,victoria,home,4,no,agency,31.0,2,C3: Corporate Buyers
C0614,individual,George,Bryant,1972-01-07,m,uk,wales,home,3,yes,website,54.0,0,C1: Global Investors
C0615,individual,Jordan,King,1957-01-12,m,usa,utah,home,2,yes,website,69.0,3,C4: Luxury Investors
C0616,individual,Julie,Brooks,,f,usa,virginia,investment,1,yes,agency,56.0,1,C2: First-Time Buyers
C0617,individual,Carolyn,Evans,1986-10-07,f,usa,ohio,home,5,yes,website,40.0,2,C3: Corporate Buyers
C0618,individual,Austin,Taylor,1968-05-11,m,usa,texas,home,3,no,agency,58.0,0,C1: Global Investors
C0619,individual,Heather,Morales,,f,usa,washington,home,4,no,website,56.0,0,C1: Global Investors
C0620,individual,Sarah,Howard,,f,france,brittany,home,3,no,website,56.0,0,C1: Global Investors
C0621,individual,Jonathan,Turner,,m,germany,bavaria,investment,3,yes,agency,56.0,0,C1: Global Investors
C0622,individual,Katherine,Ward,1987-10-09,f,usa,washington,investment,2,no,client,39.0,2,C3: Corporate Buyers
C0623,individual,Jonathan,Adams,,m,usa,florida,investment,3,yes,client,56.0,0,C1: Global Investors
C0624,individual,Carl,Jordan,2000-09-02,m,usa,nevada,investment,3,no,agency,26.0,2,C3: Corporate Buyers
C0625,individual,Deborah,Hayes,1983-07-08,f,belgium,flanders,investment,2,yes,agency,43.0,2,C3: Corporate Buyers
C0626,individual,Sara,Jones,,f,germany,hamburg,investment,2,no,website,56.0,1,C2: First-Time Buyers
C0627,individual,Katherine,Johnson,2000-11-07,f,usa,arizona,home,3,no,agency,26.0,2,C3: Corporate Buyers
C0628,individual,Arthur,Campbell,,m,canada,british columbia,home,3,yes,agency,56.0,0,C1: Global Investors
C0629,individual,Maria,Richardson,1946-07-09,f,usa,california,investment,2,no,agency,80.0,3,C4: Luxury Investors
C0630,individual,Stephen,Roberts,,m,usa,california,home,2,no,website,56.0,1,C2: First-Time Buyers
C0631,individual,Dorothy,Flores,1966-12-11,f,usa,california,home,5,no,website,60.0,0,C1: Global Investors
C0632,individual,Thomas,Nelson,,m,uk,northern ireland,home,4,no,website,56.0,0,C1: Global Investors
C0633,individual,Ann,Owens,1941-05-12,f,usa,nevada,home,3,no,agency,85.0,3,C4: Luxury Investors
C0634,individual,Justin,Ward,,m,usa,washington,investment,4,yes,website,56.0,0,C1: Global Investors
C0635,individual,Kimberly,King,,f,uk,scotland,investment,5,no,website,56.0,0,C1: Global Investors
C0636,individual,Kathleen,Rogers,1980-11-10,f,france,brittany,home,5,no,website,46.0,0,C1: Global Investors
C0637,individual,Catherine,Stone,,f,usa,california,home,2,no,website,56.0,1,C2: First-Time Buyers
C0638,individual,Jason,King,1975-02-04,m,usa,ohio,home,5,yes,website,51.0,0,C1: Global Investors
C0639,individual,Mark,Campbell,1961-03-03,m,uk,scotland,home,3,yes,website,65.0,0,C1: Global Investors
C0640,individual,Emily,Thompson,1967-03-01,f,usa,utah,home,3,no,agency,59.0,0,C1: Global Investors
C0641,company,Zynex,Co,,m,usa,arizona,home,2,no,agency,56.0,1,C2: First-Time Buyers
C0642,individual,Julia,Reyes,,f,usa,california,home,4,no,website,56.0,0,C1: Global Investors
C0643,individual,Samantha,Richardson,1974-05-05,f,usa,california,home,5,no,website,52.0,0,C1: Global Investors
C0644,individual,Teresa,Johnson,,f,usa,california,home,4,yes,agency,56.0,0,C1: Global Investors
C0645,individual,Arthur,Cox,,m,usa,nevada,home,2,no,client,56.0,1,C2: First-Time Buyers
C0646,individual,Cynthia,Campbell,,f,usa,arizona,investment,5,no,agency,56.0,0,C1: Global Investors
C0647,individual,Victoria,Green,1946-02-06,f,usa,california,home,4,no,agency,80.0,3,C4: Luxury Investors
C0648,individual,Stephanie,Reed,1999-03-02,f,usa,california,home,1,yes,website,27.0,2,C3: Corporate Buyers
C0649,individual,Patricia,Mitchell,1995-03-01,f,usa,california,home,4,no,agency,31.0,2,C3: Corporate Buyers
C0650,company,Polaris,Co,,m,france,occitanie,home,3,yes,client,56.0,0,C1: Global Investors
C0651,company,Horizon,Co,,m,usa,washington,home,1,no,agency,56.0,1,C2: First-Time Buyers
C0652,individual,Heather,Johnson,1993-12-08,f,usa,washington,home,2,no,website,33.0,2,C3: Corporate Buyers
C0653,individual,Gerald,Adams,,m,usa,ohio,home,2,no,client,56.0,1,C2: First-Time Buyers
C0654,individual,Eric,Griffin,1960-05-07,m,usa,new york,home,2,yes,website,66.0,1,C2: First-Time Buyers
C0655,individual,Patricia,King,,f,usa,nevada,home,1,yes,agency,56.0,1,C2: First-Time Buyers
C0656,individual,Amber,Allen,1977-02-08,f,usa,colorado,home,5,no,client,49.0,0,C1: Global Investors
C0657,individual,Alexander,Allen,,m,usa,california,home,2,no,agency,56.0,1,C2: First-Time Buyers
C0658,individual,Kelly,Green,,f,usa,virginia,home,3,yes,agency,56.0,0,C1: Global Investors
C0659,individual,Sara,Foster,1988-10-06,f,usa,california,home,4,yes,agency,38.0,2,C3: Corporate Buyers
C0660,individual,Charles,Kim,1991-08-10,m,usa,arizona,home,4,yes,client,35.0,2,C3: Corporate Buyers
C0661,individual,Deborah,Williams,,f,canada,manitoba,home,3,no,website,56.0,0,C1: Global Investors
C0662,individual,Stephanie,Kim,,f,usa,california,investment,3,no,website,56.0,0,C1: Global Investors
C0663,individual,Anthony,Flores,1958-02-02,m,usa,california,home,2,yes,agency,68.0,3,C4: Luxury Investors
C0664,individual,Lawrence,Wood,,m,canada,alberta,investment,5,yes,website,56.0,0,C1: Global Investors
C0665,individual,Robert,Adams,,m,usa,colorado,investment,1,no,agency,56.0,1,C2: First-Time Buyers
C0666,individual,Maria,Davis,1948-10-09,f,usa,california,investment,1,no,website,78.0,3,C4: Luxury Investors
C0667,individual,Anthony,Mitchell,1966-07-07,m,usa,arizona,investment,2,no,agency,60.0,1,C2: First-Time Buyers
C0668,individual,Margaret,Peterson,,f,france,ile-de-france,investment,4,yes,website,56.0,0,C1: Global Investors
C0669,individual,Cheryl,Bell,,f,canada,british columbia,home,3,no,agency,56.0,0,C1: Global Investors
C0670,company,Altira,Co,,m,usa,nevada,investment,4,no,website,56.0,0,C1: Global Investors
C0671,individual,Jerry,Pierce,1941-12-09,m,usa,colorado,home,4,yes,client,85.0,3,C4: Luxury Investors
C0672,individual,Amber,Williams,1967-03-10,f,usa,california,home,2,no,website,59.0,1,C2: First-Time Buyers
C0673,individual,Janice,Hayes,,f,usa,california,home,4,no,website,56.0,0,C1: Global Investors
C0674,individual,Judy,Turner,,f,usa,california,investment,4,no,website,56.0,0,C1: Global Investors
C0675,individual,Andrea,Wright,,f,usa,texas,home,5,no,website,56.0,0,C1: Global Investors
C0676,individual,Lisa,Davis,1942-06-12,f,usa,nevada,home,2,no,agency,84.0,3,C4: Luxury Investors
C0677,individual,Jerry,Miller,1981-09-02,m,usa,arizona,investment,2,no,agency,45.0,1,C2: First-Time Buyers
C0678,individual,Joseph,Watson,,m,usa,california,home,4,yes,website,56.0,0,C1: Global Investors
C0679,individual,Lisa,Patterson,1964-12-02,f,usa,nevada,home,1,no,agency,62.0,1,C2: First-Time Buyers
C0680,individual,Andrew,Griffin,,m,usa,utah,investment,2,no,agency,56.0,1,C2: First-Time Buyers
C0681,company,Helios,Co,,f,usa,california,home,3,no,agency,56.0,0,C1: Global Investors
C0682,individual,Donald,Bennett,1973-06-12,m,usa,california,home,5,no,website,53.0,0,C1: Global Investors
C0683,individual,Patrick,Jordan,,m,usa,colorado,home,2,yes,agency,56.0,1,C2: First-Time Buyers
C0684,individual,Donald,Miller,1985-10-05,m,usa,california,home,1,no,agency,41.0,1,C2: First-Time Buyers
C0685,individual,Sharon,Hansen,,f,usa,washington,home,5,no,agency,56.0,0,C1: Global Investors
C0686,individual,Michael,Howard,,m,usa,california,home,1,yes,website,56.0,1,C2: First-Time Buyers
C0687,individual,Susan,Long,1959-01-03,f,usa,utah,home,3,yes,website,67.0,3,C4: Luxury Investors
C0688,individual,Kathleen,Howard,1968-12-04,f,usa,colorado,investment,5,yes,website,58.0,0,C1: Global Investors
C0689,individual,Ann,Williams,,f,usa,california,home,4,no,website,56.0,0,C1: Global Investors
C0690,individual,Janet,Stewart,1985-09-09,f,usa,oregon,home,4,yes,agency,41.0,2,C3: Corporate Buyers
C0691,individual,Kenneth,Bell,,m,usa,california,investment,4,no,agency,56.0,0,C1: Global Investors
C0692,individual,Adam,Roberts,,m,usa,georgia,investment,3,no,agency,56.0,0,C1: Global Investors
C0693,individual,Jesse,Chavez,,m,usa,california,investment,5,yes,agency,56.0,0,C1: Global Investors
C0694,company,Sterling,Co,,m,uk,scotland,investment,2,no,website,56.0,1,C2: First-Time Buyers
C0695,individual,Timothy,Rogers,,m,usa,washington,home,4,no,website,56.0,0,C1: Global Investors
C0696,individual,Carol,Green,1994-03-06,f,usa,washington,investment,5,yes,agency,32.0,2,C3: Corporate Buyers
C0697,individual,Bryan,Mitchell,1986-11-01,m,usa,california,investment,4,yes,agency,40.0,2,C3: Corporate Buyers
C0698,individual,Maria,Scott,,f,usa,california,home,2,yes,website,56.0,1,C2: First-Time Buyers
C0699,individual,Stephen,Bennett,,m,usa,washington,home,1,yes,agency,56.0,1,C2: First-Time Buyers
C0700,individual,Christine,Sanders,,f,usa,washington,home,5,no,website,56.0,0,C1: Global Investors
C0701,individual,Danielle,Peterson,,f,uk,england,investment,1,no,website,56.0,1,C2: First-Time Buyers
C0702,individual,Nicholas,Flores,,m,usa,arizona,home,5,no,agency,56.0,0,C1: Global Investors
C0703,company,Elara,Co,,m,usa,colorado,home,3,no,website,56.0,0,C1: Global Investors
C0704,individual,Nicole,Jordan,,f,usa,georgia,home,4,no,agency,56.0,0,C1: Global Investors
C0705,individual,Timothy,Murray,,m,usa,nevada,home,3,no,website,56.0,0,C1: Global Investors
C0706,individual,Kyle,Thomas,,m,uk,england,investment,2,no,client,56.0,1,C2: First-Time Buyers
C0707,individual,Zachary,Richardson,,m,usa,virginia,home,5,yes,website,56.0,0,C1: Global Investors
C0708,individual,Brian,Cook,,m,usa,california,home,2,no,client,56.0,1,C2: First-Time Buyers
C0709,individual,Samantha,Price,1982-11-06,f,usa,georgia,home,2,yes,agency,44.0,2,C3: Corporate Buyers
C0710,individual,Kyle,Bryant,,m,usa,oregon,home,2,yes,agency,56.0,1,C2: First-Time Buyers
C0711,individual,Victoria,Hughes,,f,usa,california,investment,3,no,agency,56.0,0,C1: Global Investors
C0712,individual,Joseph,Scott,,m,usa,california,home,1,no,agency,56.0,1,C2: First-Time Buyers
C0713,individual,Debra,Thomas,,f,usa,california,investment,3,no,agency,56.0,0,C1: Global Investors
C0714,individual,Kyle,Murray,1977-01-03,m,russia,saint petersburg,home,3,no,website,49.0,0,C1: Global Investors
C0715,individual,Janice,Wilson,1982-08-05,f,usa,utah,home,3,no,website,44.0,2,C3: Corporate Buyers
C0716,individual,Jordan,Davis,,m,uk,northern ireland,home,1,no,client,56.0,1,C2: First-Time Buyers
C0717,individual,Virginia,Weaver,1946-06-09,f,usa,arizona,investment,3,yes,agency,80.0,3,C4: Luxury Investors
C0718,individual,Martha,Scott,1944-10-08,f,france,ile-de-france,home,2,yes,website,82.0,3,C4: Luxury Investors
C0719,individual,Jason,Jordan,1974-07-02,m,usa,california,investment,2,yes,agency,52.0,1,C2: First-Time Buyers
C0720,individual,Shirley,Wilson,,f,usa,california,investment,1,yes,agency,56.0,1,C2: First-Time Buyers
C0721,individual,Julia,Jordan,1999-03-07,f,usa,florida,home,4,no,website,27.0,2,C3: Corporate Buyers
C0722,individual,Carol,Sanders,1943-09-11,f,usa,texas,home,1,no,website,83.0,3,C4: Luxury Investors
C0723,individual,Ann,Hansen,,f,germany,north rhine-westphalia,home,3,yes,website,56.0,0,C1: Global Investors
C0724,individual,Samuel,Howard,,m,usa,arizona,investment,4,yes,agency,56.0,0,C1: Global Investors
C0725,individual,Katherine,Jones,1983-07-03,f,usa,new york,home,3,no,website,43.0,2,C3: Corporate Buyers
C0726,individual,Melissa,Harris,,f,usa,georgia,home,4,no,website,56.0,0,C1: Global Investors
C0727,individual,Ronald,Bell,,m,usa,california,investment,3,yes,client,56.0,0,C1: Global Investors
C0728,individual,Jason,Jones,,m,usa,california,home,3,yes,agency,56.0,0,C1: Global Investors
C0729,individual,Raymond,Long,1944-01-04,m,usa,washington,investment,3,yes,agency,82.0,3,C4: Luxury Investors
C0730,individual,Gregory,Baker,1988-05-09,m,usa,california,investment,4,no,website,38.0,2,C3: Corporate Buyers
C0731,individual,Larry,Harris,,m,usa,california,home,5,no,agency,56.0,0,C1: Global Investors
C0732,individual,Justin,Peterson,1985-03-03,m,usa,oregon,home,5,no,website,41.0,0,C1: Global Investors
C0733,individual,Susan,White,1976-01-03,f,usa,nevada,home,5,no,agency,50.0,0,C1: Global Investors
C0734,individual,Danielle,Ward,,f,usa,virginia,investment,5,yes,client,56.0,0,C1: Global Investors
C0735,individual,Matthew,Long,1994-08-10,m,germany,hesse,investment,4,no,website,32.0,2,C3: Corporate Buyers
C0736,individual,Jordan,Campbell,,m,usa,utah,investment,3,no,agency,56.0,0,C1: Global Investors
C0737,individual,Harold,Harris,,m,usa,california,investment,3,no,agency,56.0,0,C1: Global Investors
C0738,individual,Jose,White,,m,usa,texas,home,5,no,website,56.0,0,C1: Global Investors
C0739,individual,Albert,Turner,,m,usa,california,home,2,no,agency,56.0,1,C2: First-Time Buyers
C0740,individual,Julia,Bell,1966-12-08,f,usa,utah,investment,1,no,client,60.0,1,C2: First-Time Buyers
C0741,individual,Sandra,Stone,1962-08-11,f,usa,california,home,2,no,website,64.0,1,C2: First-Time Buyers
C0742,individual,Bryan,Howard,,m,uk,wales,home,1,yes,website,56.0,1,C2: First-Time Buyers
C0743,individual,Joshua,Allen,1972-09-10,m,usa,oregon,investment,4,yes,website,54.0,0,C1: Global Investors
C0744,individual,Helen,Morales,1950-11-10,f,usa,virginia,home,1,no,website,76.0,3,C4: Luxury Investors
C0745,individual,Emily,Collins,,f,usa,california,investment,5,no,website,56.0,0,C1: Global Investors
C0746,individual,Gary,Reyes,,m,uk,scotland,home,4,no,website,56.0,0,C1: Global Investors
C0747,individual,George,Patterson,,m,usa,florida,home,4,yes,website,56.0,0,C1: Global Investors
C0748,company,Vantage,Co,1974-03-05,f,usa,california,home,1,yes,client,52.0,1,C2: First-Time Buyers
C0749,individual,Dorothy,Anderson,,f,usa,new york,home,5,no,agency,56.0,0,C1: Global Investors
C0750,individual,Janice,Price,1976-06-08,f,usa,nevada,investment,1,no,agency,50.0,1,C2: First-Time Buyers
C0751,individual,Keith,Parker,,m,usa,california,home,5,no,client,56.0,0,C1: Global Investors
C0752,individual,Lisa,Young,,f,belgium,brussels,investment,3,no,agency,56.0,0,C1: Global Investors
C0753,individual,Nicholas,Patterson,,m,germany,hamburg,home,5,no,website,56.0,0,C1: Global Investors
C0754,individual,Teresa,Johnson,,f,usa,arizona,investment,3,no,website,56.0,0,C1: Global Investors
C0755,company,Celera,Co,,f,usa,california,home,5,no,website,56.0,0,C1: Global Investors
C0756,individual,Jessica,Patterson,,f,usa,utah,home,5,yes,website,56.0,0,C1: Global Investors
C0757,individual,Keith,Taylor,1946-05-09,m,usa,oregon,home,3,yes,website,80.0,3,C4: Luxury Investors
C0758,individual,Joe,Allen,1958-08-12,m,usa,california,investment,2,no,website,68.0,3,C4: Luxury Investors
C0759,individual,Samuel,Anderson,,m,usa,florida,home,4,no,website,56.0,0,C1: Global Investors
C0760,individual,Amanda,Adams,,f,usa,california,investment,3,no,website,56.0,0,C1: Global Investors
C0761,individual,Joyce,Patterson,,f,belgium,flanders,home,2,no,agency,56.0,1,C2: First-Time Buyers
C0762,individual,Anna,Young,1967-07-01,f,usa,ohio,home,4,no,website,59.0,0,C1: Global Investors
C0763,company,Summit,Co,,f,usa,georgia,home,3,no,agency,56.0,0,C1: Global Investors
C0764,individual,Debra,Parker,1983-02-09,f,uk,northern ireland,investment,4,no,client,43.0,2,C3: Corporate Buyers
C0765,individual,Joe,Green,,m,france,brittany,home,3,no,website,56.0,0,C1: Global Investors
C0766,individual,Robert,Bennett,1994-09-04,m,germany,north rhine-westphalia,home,3,yes,client,32.0,2,C3: Corporate Buyers
C0767,individual,David,Brown,1961-02-02,m,canada,british columbia,investment,2,no,agency,65.0,1,C2: First-Time Buyers
C0768,individual,Matthew,Weaver,,m,denmark,southern denmark,investment,5,yes,website,56.0,0,C1: Global Investors
C0769,individual,Nicole,Long,,f,usa,ohio,home,4,no,agency,56.0,0,C1: Global Investors
C0770,individual,Shirley,Hall,1951-02-09,f,russia,krasnodar krai,home,4,no,website,75.0,3,C4: Luxury Investors
C0771,company,Quasar,Co,1984-06-09,m,usa,california,home,1,no,website,42.0,1,C2: First-Time Buyers
C0772,individual,Ethan,White,,m,usa,california,investment,1,no,client,56.0,1,C2: First-Time Buyers
C0773,individual,Christopher,Taylor,1964-12-09,m,russia,saint petersburg,home,1,no,website,62.0,1,C2: First-Time Buyers
C0774,individual,David,Wood,,m,usa,georgia,home,5,yes,agency,56.0,0,C1: Global Investors
C0775,individual,Andrea,Reyes,,f,usa,arizona,home,1,no,agency,56.0,1,C2: First-Time Buyers
C0776,individual,Ashley,Morales,1966-06-11,f,germany,bavaria,home,4,yes,agency,60.0,0,C1: Global Investors
C0777,company,Meridian,Co,,m,usa,arizona,home,1,no,client,56.0,1,C2: First-Time Buyers
C0778,individual,George,Pierce,,m,usa,california,investment,4,yes,agency,56.0,0,C1: Global Investors
C0779,individual,Lisa,Hughes,1953-04-05,f,usa,california,home,5,yes,agency,73.0,3,C4: Luxury Investors
C0780,individual,Martha,Hansen,1947-08-01,f,usa,california,home,3,no,website,79.0,3,C4: Luxury Investors
C0781,individual,Gerald,Sanders,,m,usa,california,investment,5,yes,website,56.0,0,C1: Global Investors
C0782,individual,Ethan,Williams,1970-10-02,m,usa,utah,investment,2,yes,website,56.0,1,C2: First-Time Buyers
C0783,individual,Betty,Sanders,,f,canada,alberta,home,1,yes,agency,56.0,1,C2: First-Time Buyers
C0784,individual,Charles,Baker,,m,mexico,baja california,investment,4,no,website,56.0,0,C1: Global Investors
C0785,company,Rexon,Co,,f,usa,california,home,2,no,website,56.0,1,C2: First-Time Buyers
C0786,individual,Sarah,Martin,,f,usa,california,investment,3,no,website,56.0,0,C1: Global Investors
C0787,individual,Andrew,Jackson,,m,usa,washington,home,1,no,website,56.0,1,C2: First-Time Buyers
C0788,individual,Matthew,Stone,,m,france,brittany,investment,4,no,website,56.0,0,C1: Global Investors
C0789,individual,Madison,Price,1974-04-06,f,canada,ontario,investment,1,no,website,52.0,1,C2: First-Time Buyers
C0790,individual,Brandon,Cooper,,m,usa,california,home,5,yes,agency,56.0,0,C1: Global Investors
C0791,individual,Walter,Adams,1983-01-07,m,usa,texas,home,4,no,website,43.0,2,C3: Corporate Buyers
C0792,individual,Joseph,Richardson,,m,usa,california,investment,4,yes,website,56.0,0,C1: Global Investors
C0793,individual,Kevin,Brown,1969-09-04,m,usa,new york,home,4,no,agency,57.0,0,C1: Global Investors
C0794,individual,Gregory,Mitchell,1951-02-11,m,usa,california,home,4,yes,website,75.0,3,C4: Luxury Investors
C0795,individual,Harold,Murray,,m,usa,california,investment,4,yes,website,56.0,0,C1: Global Investors
C0796,individual,Stephanie,Ward,1983-04-11,f,usa,california,investment,5,yes,website,43.0,0,C1: Global Investors
C0797,individual,Joan,Gray,1990-06-08,f,usa,oregon,home,5,yes,agency,36.0,2,C3: Corporate Buyers
C0798,company,Novex,Co,,m,usa,nevada,home,4,yes,agency,56.0,0,C1: Global Investors
C0799,individual,Pamela,Johnson,,f,usa,california,home,4,no,website,56.0,0,C1: Global Investors
C0800,individual,Lawrence,Smith,1974-01-02,m,usa,virginia,investment,5,yes,website,52.0,0,C1: Global Investors
C0801,individual,Betty,Price,1969-04-03,f,usa,washington,home,4,yes,website,57.0,0,C1: Global Investors
C0802,individual,Matthew,Williams,1970-11-10,m,usa,virginia,home,5,no,agency,56.0,0,C1: Global Investors
C0803,individual,Evelyn,Moore,,f,usa,texas,home,4,no,agency,56.0,0,C1: Global Investors
C0804,individual,Tyler,Cook,1967-01-10,m,usa,washington,home,5,no,agency,59.0,0,C1: Global Investors
C0805,individual,Albert,Cook,,m,germany,berlin,home,1,yes,website,56.0,1,C2: First-Time Buyers
C0806,individual,Jack,Richardson,,m,france,ile-de-france,home,5,no,client,56.0,0,C1: Global Investors
C0807,individual,Amy,Chavez,,f,mexico,mexico city,investment,5,no,website,56.0,0,C1: Global Investors
C0808,individual,Gregory,Ward,,m,germany,berlin,home,3,yes,website,56.0,0,C1: Global Investors
C0809,individual,Hannah,Alexander,,f,france,occitanie,home,5,yes,agency,56.0,0,C1: Global Investors
C0810,individual,Ronald,Sanders,,m,usa,california,home,1,yes,website,56.0,1,C2: First-Time Buyers
C0811,individual,Carl,Allen,,m,uk,wales,home,3,no,agency,56.0,0,C1: Global Investors
C0812,individual,Harold,Cooper,,m,uk,northern ireland,home,3,yes,website,56.0,0,C1: Global Investors
C0813,individual,Gerald,Cook,1974-10-11,m,uk,scotland,investment,3,no,agency,52.0,0,C1: Global Investors
C0814,individual,Joan,Stewart,,f,usa,california,home,2,no,website,56.0,1,C2: First-Time Buyers
C0815,company,Horizon,Co,1965-11-06,f,usa,nevada,home,4,yes,agency,61.0,0,C1: Global Investors
C0816,individual,Deborah,Wright,,f,germany,hamburg,home,2,yes,website,56.0,1,C2: First-Time Buyers
C0817,individual,Grace,Thompson,1972-05-12,f,usa,california,investment,1,no,website,54.0,1,C2: First-Time Buyers
C0818,company,Sterling,Co,1991-09-08,f,usa,colorado,home,2,no,website,35.0,2,C3: Corporate Buyers
C0819,individual,Jose,Bryant,,m,usa,california,home,5,no,website,56.0,0,C1: Global Investors
C0820,individual,Judith,Collins,,f,usa,texas,investment,4,no,agency,56.0,0,C1: Global Investors
C0821,individual,Elizabeth,Moore,1957-09-04,f,usa,california,home,5,yes,agency,69.0,0,C1: Global Investors
C0822,individual,Jessica,Weaver,,f,usa,california,investment,3,yes,website,56.0,0,C1: Global Investors
C0823,individual,Nancy,Hayes,,f,usa,oregon,investment,5,yes,agency,56.0,0,C1: Global Investors
C0824,individual,Douglas,Cox,1976-06-01,m,usa,california,home,3,no,agency,50.0,0,C1: Global Investors
C0825,individual,Ruth,Hughes,,f,mexico,nuevo leon,home,4,yes,agency,56.0,0,C1: Global Investors
C0826,individual,Jason,Stewart,1970-09-11,m,usa,ohio,investment,4,yes,website,56.0,0,C1: Global Investors
C0827,individual,Ruth,Wright,,f,usa,washington,home,2,yes,website,56.0,1,C2: First-Time Buyers
C0828,individual,Elizabeth,Stewart,1947-10-10,f,usa,arizona,investment,4,yes,website,79.0,3,C4: Luxury Investors
C0829,individual,Jonathan,Stewart,,m,usa,utah,investment,3,no,website,56.0,0,C1: Global Investors
C0830,individual,William,Martin,,m,usa,oregon,investment,3,no,agency,56.0,0,C1: Global Investors
C0831,individual,Judith,Martin,,f,usa,california,home,2,no,website,56.0,1,C2: First-Time Buyers
C0832,individual,Dorothy,Ward,1990-01-09,f,usa,nevada,investment,3,yes,website,36.0,2,C3: Corporate Buyers
C0833,individual,Roger,Green,1951-11-06,m,denmark,southern denmark,home,5,no,website,75.0,3,C4: Luxury Investors
C0834,individual,Helen,Parker,,f,usa,california,home,5,no,website,56.0,0,C1: Global Investors
C0835,individual,Maria,Foster,1974-06-06,f,usa,california,home,5,yes,website,52.0,0,C1: Global Investors
C0836,individual,Adam,Sanders,1942-02-04,m,usa,ohio,home,4,no,website,84.0,3,C4: Luxury Investors
C0837,individual,Peter,Montgomery,1967-06-06,m,france,brittany,home,1,no,website,59.0,1,C2: First-Time Buyers
C0838,individual,Jacob,Morris,1992-04-05,m,usa,nevada,investment,1,yes,website,34.0,2,C3: Corporate Buyers
C0839,individual,Elizabeth,Baker,,f,uk,england,home,5,yes,agency,56.0,0,C1: Global Investors
C0840,individual,Elizabeth,Wilson,1981-11-01,f,belgium,brussels,home,1,no,website,45.0,1,C2: First-Time Buyers
C0841,individual,Timothy,Cooper,1999-02-05,m,belgium,wallonia,home,5,no,website,27.0,2,C3: Corporate Buyers
C0842,individual,Keith,Morales,,m,usa,washington,home,5,yes,client,56.0,0,C1: Global Investors
C0843,individual,Amanda,Hansen,2000-12-04,f,usa,georgia,home,4,no,agency,26.0,2,C3: Corporate Buyers
C0844,individual,Margaret,Scott,,f,usa,california,home,2,no,website,56.0,1,C2: First-Time Buyers
C0845,individual,Ashley,Long,1993-09-05,f,usa,washington,home,3,no,client,33.0,2,C3: Corporate Buyers
C0846,individual,Martha,Harris,,f,canada,quebec,investment,3,no,agency,56.0,0,C1: Global Investors
C0847,individual,Nicole,James,,f,usa,utah,home,2,yes,agency,56.0,1,C2: First-Time Buyers
C0848,individual,Aaron,Hughes,,m,usa,california,home,4,no,agency,56.0,0,C1: Global Investors
C0849,individual,Brian,Wilson,1977-04-11,m,usa,oregon,home,1,yes,website,49.0,1,C2: First-Time Buyers
C0850,individual,Judy,Stone,,f,usa,colorado,investment,5,no,agency,56.0,0,C1: Global Investors
C0851,individual,Kyle,White,,m,usa,california,investment,2,yes,website,56.0,1,C2: First-Time Buyers
C0852,individual,Carl,Brown,,m,germany,north rhine-westphalia,home,2,no,agency,56.0,1,C2: First-Time Buyers
C0853,individual,Gerald,Bryant,1950-08-07,m,usa,utah,home,4,no,website,76.0,3,C4: Luxury Investors
C0854,individual,David,Reyes,,m,usa,california,home,4,no,website,56.0,0,C1: Global Investors
C0855,individual,Amanda,Foster,1973-03-10,f,australia,queensland,home,4,no,website,53.0,0,C1: Global Investors
C0856,individual,Janice,Chavez,,f,usa,florida,home,5,yes,website,56.0,0,C1: Global Investors
C0857,individual,Danielle,Ward,1951-05-11,f,usa,california,investment,1,yes,website,75.0,3,C4: Luxury Investors
C0858,individual,Samuel,Howard,1994-07-12,m,usa,nevada,home,1,no,website,32.0,2,C3: Corporate Buyers
C0859,individual,Megan,Anderson,1942-12-03,f,usa,california,home,2,yes,agency,84.0,3,C4: Luxury Investors
C0860,individual,Virginia,Morales,1968-07-09,f,usa,utah,home,5,yes,website,58.0,0,C1: Global Investors
C0861,individual,Christine,Peterson,1994-08-04,f,france,brittany,investment,2,no,agency,32.0,2,C3: Corporate Buyers
C0862,individual,Amanda,Jordan,,f,usa,colorado,investment,1,no,website,56.0,1,C2: First-Time Buyers
C0863,individual,Brandon,Peterson,,m,belgium,wallonia,home,5,yes,agency,56.0,0,C1: Global Investors
C0864,individual,Noah,Kim,1970-07-07,m,usa,texas,home,3,no,website,56.0,0,C1: Global Investors
C0865,individual,Rebecca,Gray,,f,usa,colorado,investment,5,yes,website,56.0,0,C1: Global Investors
C0866,individual,Lawrence,Bryant,,m,belgium,brussels,home,3,no,agency,56.0,0,C1: Global Investors
C0867,individual,Julia,Davis,1967-04-12,f,usa,california,home,2,no,agency,59.0,1,C2: First-Time Buyers
C0868,individual,Victoria,Rogers,,f,usa,florida,home,3,yes,agency,56.0,0,C1: Global Investors
C0869,individual,Jose,Roberts,1993-03-07,m,usa,california,home,4,no,agency,33.0,2,C3: Corporate Buyers
C0870,company,Harmon,Co,1966-09-01,f,uk,northern ireland,home,2,yes,website,60.0,1,C2: First-Time Buyers
C0871,individual,Pamela,Pierce,,f,usa,virginia,home,1,yes,website,56.0,1,C2: First-Time Buyers
C0872,individual,Sarah,Bennett,,f,uk,england,home,4,no,website,56.0,0,C1: Global Investors
C0873,individual,Gerald,Murray,1940-09-09,m,usa,new york,home,2,no,website,86.0,3,C4: Luxury Investors
C0874,individual,Debra,Murray,,f,belgium,flanders,investment,2,no,website,56.0,1,C2: First-Time Buyers
C0875,individual,Jeffrey,Evans,1972-07-09,m,canada,manitoba,home,4,no,website,54.0,0,C1: Global Investors
C0876,individual,Benjamin,Chavez,,m,usa,california,home,3,no,client,56.0,0,C1: Global Investors
C0877,individual,Jennifer,Weaver,,f,usa,utah,investment,2,yes,agency,56.0,1,C2: First-Time Buyers
C0878,individual,Ashley,Hansen,,f,usa,nevada,home,4,yes,website,56.0,0,C1: Global Investors
C0879,individual,Brandon,Adams,,m,uk,northern ireland,home,4,yes,website,56.0,0,C1: Global Investors
C0880,individual,Judith,Bennett,,f,usa,new york,home,2,no,website,56.0,1,C2: First-Time Buyers
C0881,individual,Ruth,Weaver,,f,usa,colorado,investment,1,no,website,56.0,1,C2: First-Time Buyers
C0882,individual,Peter,Moore,2000-07-07,m,uk,wales,home,3,no,website,26.0,2,C3: Corporate Buyers
C0883,individual,Gerald,Thompson,,m,usa,texas,home,4,no,client,56.0,0,C1: Global Investors
C0884,individual,Joe,Reed,1949-05-07,m,usa,nevada,home,2,no,website,77.0,3,C4: Luxury Investors
C0885,individual,Michael,Williams,,m,canada,british columbia,investment,2,yes,agency,56.0,1,C2: First-Time Buyers
C0886,individual,Joseph,Brooks,,m,usa,california,home,3,yes,agency,56.0,0,C1: Global Investors
C0887,individual,Joan,Bryant,,f,usa,california,home,3,no,agency,56.0,0,C1: Global Investors
C0888,individual,Sharon,Montgomery,,f,germany,berlin,home,4,yes,website,56.0,0,C1: Global Investors
C0889,individual,Scott,Campbell,,m,usa,nevada,investment,4,yes,website,56.0,0,C1: Global Investors
C0890,individual,Julie,Nelson,,f,usa,virginia,investment,3,yes,website,56.0,0,C1: Global Investors
C0891,individual,Raymond,Roberts,,m,germany,north rhine-westphalia,investment,1,yes,website,56.0,1,C2: First-Time Buyers
C0892,individual,Helen,Watson,1958-06-05,f,usa,california,investment,2,yes,website,68.0,3,C4: Luxury Investors
C0893,individual,Evelyn,Thompson,,f,usa,colorado,home,3,yes,website,56.0,0,C1: Global Investors
C0894,individual,Carl,Evans,,m,usa,georgia,home,5,no,website,56.0,0,C1: Global Investors
C0895,individual,Amanda,Rogers,,f,usa,arizona,investment,4,yes,website,56.0,0,C1: Global Investors
C0896,individual,Timothy,Jones,1970-05-06,m,france,brittany,home,4,yes,agency,56.0,0,C1: Global Investors
C0897,individual,Ann,Foster,1971-08-04,f,australia,victoria,home,1,no,website,55.0,1,C2: First-Time Buyers
C0898,individual,Deborah,King,,f,usa,arizona,investment,5,yes,agency,56.0,0,C1: Global Investors
C0899,company,Apex,Co,,f,usa,washington,investment,2,no,website,56.0,1,C2: First-Time Buyers
C0900,individual,Betty,Cook,,f,germany,north rhine-westphalia,home,4,no,agency,56.0,0,C1: Global Investors
C0901,individual,Gregory,Allen,,m,france,brittany,investment,4,no,agency,56.0,0,C1: Global Investors
C0902,company,Peerex,Co,1964-02-11,f,uk,northern ireland,home,3,yes,agency,62.0,0,C1: Global Investors
C0903,individual,Christine,Morales,,f,usa,texas,investment,3,no,website,56.0,0,C1: Global Investors
C0904,individual,Nancy,Brooks,1984-03-08,f,russia,saint petersburg,home,1,yes,website,42.0,1,C2: First-Time Buyers
C0905,individual,Emma,Allen,,f,usa,virginia,home,5,yes,website,56.0,0,C1: Global Investors
C0906,individual,Jacqueline,Baker,,f,usa,california,investment,5,no,website,56.0,0,C1: Global Investors
C0907,individual,Danielle,Scott,,f,usa,california,home,3,no,agency,56.0,0,C1: Global Investors
C0908,individual,Carl,Kim,,m,usa,california,home,4,yes,agency,56.0,0,C1: Global Investors
C0909,individual,Brandon,Turner,1967-07-10,m,usa,california,investment,1,yes,agency,59.0,1,C2: First-Time Buyers
C0910,individual,Victoria,Jackson,,f,usa,texas,home,3,yes,agency,56.0,0,C1: Global Investors
C0911,individual,Donald,Long,,m,usa,california,home,4,no,website,56.0,0,C1: Global Investors
C0912,individual,Christina,Freeman,1949-05-11,f,usa,california,home,1,no,agency,77.0,3,C4: Luxury Investors
C0913,individual,Nathan,Hansen,,m,usa,california,home,4,no,agency,56.0,0,C1: Global Investors
C0914,individual,Helen,Freeman,1948-10-12,f,france,provence,investment,4,no,website,78.0,3,C4: Luxury Investors
C0915,individual,Ronald,Harris,,m,usa,florida,home,2,no,agency,56.0,1,C2: First-Time Buyers
C0916,individual,Nathan,Hansen,1988-02-10,m,russia,moscow oblast,home,2,no,website,38.0,2,C3: Corporate Buyers
C0917,individual,Kenneth,Hughes,1969-08-01,m,usa,arizona,home,2,yes,agency,57.0,1,C2: First-Time Buyers
C0918,individual,Susan,Cook,,f,australia,western australia,home,4,no,client,56.0,0,C1: Global Investors
C0919,individual,Barbara,Foster,,f,canada,quebec,investment,5,no,agency,56.0,0,C1: Global Investors
C0920,individual,Christian,Williams,1973-10-11,m,usa,california,home,4,no,website,53.0,0,C1: Global Investors
C0921,individual,Christina,Reyes,1999-03-10,f,australia,new south wales,home,4,no,agency,27.0,2,C3: Corporate Buyers
C0922,individual,Joe,Bell,,m,australia,victoria,investment,4,yes,website,56.0,0,C1: Global Investors
C0923,individual,Ruth,Richardson,,f,usa,oregon,home,3,no,client,56.0,0,C1: Global Investors
C0924,individual,Emily,Wright,,f,usa,california,home,4,no,website,56.0,0,C1: Global Investors
C0925,individual,Michael,Ward,1944-05-12,m,germany,hamburg,home,2,no,website,82.0,3,C4: Luxury Investors
C0926,individual,Lauren,Harris,1961-04-04,f,usa,california,home,3,no,website,65.0,3,C4: Luxury Investors
C0927,individual,Carol,Hayes,1962-11-04,f,france,ile-de-france,home,4,no,client,64.0,0,C1: Global Investors
C0928,individual,Jordan,Jordan,,m,usa,california,home,1,yes,agency,56.0,1,C2: First-Time Buyers
C0929,individual,Jack,Hall,,m,usa,washington,home,4,no,website,56.0,0,C1: Global Investors
C0930,individual,Debra,Moore,,f,usa,washington,investment,1,yes,agency,56.0,1,C2: First-Time Buyers
C0931,individual,Daniel,Parker,,m,usa,nevada,investment,2,yes,client,56.0,1,C2: First-Time Buyers
C0932,individual,Kathleen,Moore,,f,usa,new york,home,5,no,website,56.0,0,C1: Global Investors
C0933,individual,Kimberly,Johnson,1955-09-03,f,usa,california,home,4,no,website,71.0,3,C4: Luxury Investors
C0934,individual,Barbara,Allen,1943-10-02,f,uk,northern ireland,investment,5,yes,website,83.0,3,C4: Luxury Investors
C0935,individual,Katherine,Cooper,,f,canada,manitoba,home,4,no,agency,56.0,0,C1: Global Investors
C0936,individual,Carolyn,Brooks,1951-04-10,f,usa,california,home,3,no,client,75.0,3,C4: Luxury Investors
C0937,individual,Gerald,Chavez,1982-04-03,m,usa,arizona,home,5,no,client,44.0,0,C1: Global Investors
C0938,individual,William,Chavez,1963-05-08,m,russia,krasnodar krai,home,4,no,website,63.0,0,C1: Global Investors
C0939,individual,Anna,Alexander,1978-02-02,f,belgium,brussels,investment,1,no,website,48.0,1,C2: First-Time Buyers
C0940,individual,Kyle,Bell,,m,usa,virginia,investment,5,no,website,56.0,0,C1: Global Investors
C0941,individual,Grace,Moore,,f,mexico,jalisco,home,1,no,agency,56.0,1,C2: First-Time Buyers
C0942,individual,Joan,Jackson,,f,usa,california,home,1,no,website,56.0,1,C2: First-Time Buyers
C0943,individual,Karen,Cox,,f,canada,manitoba,investment,5,no,website,56.0,0,C1: Global Investors
C0944,individual,Virginia,Hughes,,f,usa,florida,home,2,no,website,56.0,1,C2: First-Time Buyers
C0945,individual,Emily,Hayes,1945-09-04,f,france,provence,home,4,no,website,81.0,3,C4: Luxury Investors
C0946,individual,Ashley,Weaver,1946-07-04,f,usa,nevada,investment,3,yes,agency,80.0,3,C4: Luxury Investors
C0947,individual,Samantha,Cox,,f,usa,texas,home,2,no,website,56.0,1,C2: First-Time Buyers
C0948,individual,Emma,Nelson,,f,usa,california,investment,3,yes,website,56.0,0,C1: Global Investors
C0949,individual,Julia,Price,,f,usa,colorado,investment,5,yes,client,56.0,0,C1: Global Investors
C0950,individual,Christina,Price,1991-12-11,f,usa,texas,investment,5,no,website,35.0,2,C3: Corporate Buyers
C0951,individual,Rachel,Chavez,,f,mexico,nuevo leon,home,1,yes,client,56.0,1,C2: First-Time Buyers
C0952,individual,Ann,Martin,1959-09-03,f,usa,oregon,home,5,no,website,67.0,0,C1: Global Investors
C0953,company,Helios,Co,,m,usa,washington,home,5,yes,website,56.0,0,C1: Global Investors
C0954,individual,Michael,Evans,1950-04-08,m,france,brittany,investment,4,yes,agency,76.0,3,C4: Luxury Investors
C0955,individual,Megan,Garcia,1969-01-11,f,usa,california,home,1,no,website,57.0,1,C2: First-Time Buyers
C0956,individual,Donald,Jackson,1966-03-10,m,usa,california,home,1,yes,website,60.0,1,C2: First-Time Buyers
C0957,company,Crestwood,Co,,m,usa,oregon,home,2,yes,client,56.0,1,C2: First-Time Buyers
C0958,individual,Betty,Rogers,1991-07-11,f,usa,nevada,home,1,yes,website,35.0,2,C3: Corporate Buyers
C0959,individual,Carl,Hayes,,m,usa,california,home,3,no,agency,56.0,0,C1: Global Investors
C0960,individual,Linda,Bennett,1960-04-01,f,usa,arizona,investment,1,yes,client,66.0,1,C2: First-Time Buyers
C0961,individual,Brandon,Morales,1974-08-03,m,uk,wales,home,2,yes,website,52.0,1,C2: First-Time Buyers
C0962,individual,Nicholas,Hansen,,m,usa,california,home,4,no,website,56.0,0,C1: Global Investors
C0963,individual,James,Davis,1941-08-09,m,canada,alberta,home,4,no,agency,85.0,3,C4: Luxury Investors
C0964,individual,Elizabeth,Hall,,f,usa,california,home,4,no,website,56.0,0,C1: Global Investors
C0965,individual,Lauren,Adams,,f,usa,new york,investment,3,no,website,56.0,0,C1: Global Investors
C0966,company,Corvus,Co,1995-10-11,m,usa,california,investment,3,no,website,31.0,2,C3: Corporate Buyers
C0967,individual,Jennifer,Moore,,f,usa,california,home,2,no,agency,56.0,1,C2: First-Time Buyers
C0968,individual,Julie,Hansen,,f,usa,arizona,home,4,no,website,56.0,0,C1: Global Investors
C0969,individual,Amber,Ward,,f,russia,tatarstan,investment,1,yes,agency,56.0,1,C2: First-Time Buyers
C0970,individual,Peter,Johnson,1986-12-01,m,denmark,north denmark,home,3,yes,website,40.0,2,C3: Corporate Buyers
C0971,individual,Cynthia,Mitchell,1969-06-02,f,usa,colorado,investment,5,yes,website,57.0,0,C1: Global Investors
C0972,individual,Sandra,Evans,,f,usa,arizona,home,5,no,agency,56.0,0,C1: Global Investors
C0973,individual,Charles,Stone,1992-12-03,m,usa,california,investment,2,no,client,34.0,2,C3: Corporate Buyers
C0974,individual,Michael,Hansen,,m,usa,new york,home,1,no,agency,56.0,1,C2: First-Time Buyers
C0975,individual,Gregory,Reyes,1946-07-09,m,usa,utah,home,4,no,website,80.0,3,C4: Luxury Investors
C0976,individual,Ryan,Miller,,m,usa,california,home,4,yes,website,56.0,0,C1: Global Investors
C0977,individual,Ryan,James,1996-04-07,m,usa,california,home,1,no,agency,30.0,2,C3: Corporate Buyers
C0978,individual,Lauren,Brown,1963-11-11,f,usa,california,home,4,yes,website,63.0,0,C1: Global Investors
C0979,individual,Madison,Roberts,,f,canada,quebec,investment,4,no,website,56.0,0,C1: Global Investors
C0980,individual,Daniel,Davis,,m,usa,new york,investment,1,yes,website,56.0,1,C2: First-Time Buyers
C0981,individual,Jessica,Stewart,,f,usa,california,investment,1,no,website,56.0,1,C2: First-Time Buyers
C0982,individual,Joyce,Jackson,1961-07-08,f,canada,manitoba,investment,5,yes,agency,65.0,0,C1: Global Investors
C0983,individual,Brittany,Freeman,,f,germany,north rhine-westphalia,home,4,no,website,56.0,0,C1: Global Investors
C0984,individual,Mark,Johnson,1962-12-03,m,canada,british columbia,home,5,yes,agency,64.0,0,C1: Global Investors
C0985,individual,Ruth,Griffin,,f,usa,california,home,1,yes,website,56.0,1,C2: First-Time Buyers
C0986,individual,Jacqueline,Ward,,f,russia,saint petersburg,home,2,no,website,56.0,1,C2: First-Time Buyers
C0987,individual,Maria,Johnson,,f,germany,north rhine-westphalia,home,1,yes,agency,56.0,1,C2: First-Time Buyers
C0988,individual,Douglas,Cooper,,m,usa,texas,home,3,yes,agency,56.0,0,C1: Global Investors
C0989,individual,Amber,Cook,,f,usa,oregon,home,4,no,website,56.0,0,C1: Global Investors
C0990,individual,Carl,Carter,,m,usa,utah,home,4,no,website,56.0,0,C1: Global Investors
C0991,individual,Heather,Adams,,f,usa,nevada,home,1,no,website,56.0,1,C2: First-Time Buyers
C0992,individual,Scott,Hughes,,m,denmark,capital region,home,1,yes,website,56.0,1,C2: First-Time Buyers
C0993,individual,Ryan,Campbell,1954-03-11,m,usa,california,home,2,yes,website,72.0,3,C4: Luxury Investors
C0994,individual,Michael,Moore,,m,usa,california,home,3,no,website,56.0,0,C1: Global Investors
C0995,individual,Amanda,Kim,,f,australia,new south wales,home,1,yes,website,56.0,1,C2: First-Time Buyers
C0996,individual,Terry,Howard,1956-06-11,m,canada,manitoba,home,2,yes,client,70.0,3,C4: Luxury Investors
C0997,individual,Terry,Collins,1950-03-11,m,usa,california,investment,3,yes,agency,76.0,3,C4: Luxury Investors
C0998,company,Grandis,Co,1969-05-06,f,usa,virginia,home,4,no,agency,57.0,0,C1: Global Investors
C0999,individual,Jacqueline,Cox,,f,usa,california,investment,3,no,agency,56.0,0,C1: Global Investors
C1000,individual,Judith,Parker,,f,usa,utah,home,2,yes,website,56.0,1,C2: First-Time Buyers
C1001,individual,Aaron,Nelson,,m,usa,california,home,3,no,website,56.0,0,C1: Global Investors
C1002,individual,Scott,Hughes,1967-06-08,m,usa,california,home,5,no,website,59.0,0,C1: Global Investors
C1003,individual,Lauren,Bennett,1977-08-11,f,usa,nevada,home,2,no,website,49.0,1,C2: First-Time Buyers
C1004,individual,Alexander,Anderson,,m,usa,oregon,home,3,yes,website,56.0,0,C1: Global Investors
C1005,individual,Barbara,Chavez,1988-06-07,f,germany,hamburg,home,3,no,client,38.0,2,C3: Corporate Buyers
C1006,individual,Stephanie,Weaver,,f,usa,georgia,home,1,no,website,56.0,1,C2: First-Time Buyers
C1007,individual,Joyce,Brooks,,f,uk,england,home,4,no,agency,56.0,0,C1: Global Investors
C1008,company,Sterling,Co,1987-10-02,m,usa,california,home,2,no,website,39.0,2,C3: Corporate Buyers
C1009,individual,Evelyn,Bell,1950-02-11,f,usa,nevada,investment,4,yes,agency,76.0,3,C4: Luxury Investors
C1010,individual,Dennis,Moore,1964-03-10,m,mexico,jalisco,home,4,no,website,62.0,0,C1: Global Investors
C1011,individual,Virginia,Brooks,,f,usa,california,investment,1,no,website,56.0,1,C2: First-Time Buyers
C1012,individual,Raymond,Morales,,m,usa,new york,home,4,yes,website,56.0,0,C1: Global Investors
C1013,individual,Stephanie,Patterson,,f,usa,oregon,home,1,yes,website,56.0,1,C2: First-Time Buyers
C1014,individual,David,Weaver,1969-01-06,m,usa,california,home,3,yes,website,57.0,0,C1: Global Investors
C1015,individual,Kyle,Davis,1977-09-01,m,usa,california,home,4,yes,website,49.0,0,C1: Global Investors
C1016,individual,Andrea,Wilson,1976-04-05,f,usa,california,home,4,yes,agency,50.0,0,C1: Global Investors
C1017,individual,Megan,Baker,,f,usa,california,home,1,yes,agency,56.0,1,C2: First-Time Buyers
C1018,individual,Tiffany,Turner,,f,usa,colorado,home,5,yes,client,56.0,0,C1: Global Investors
C1019,individual,Carolyn,Stewart,,f,usa,nevada,home,2,no,client,56.0,1,C2: First-Time Buyers
C1020,individual,Deborah,Morales,,f,usa,california,home,3,no,agency,56.0,0,C1: Global Investors
C1021,individual,Jeffrey,Bryant,1974-09-04,m,usa,california,investment,1,no,client,52.0,1,C2: First-Time Buyers
C1022,individual,Christina,King,,f,usa,colorado,home,1,no,agency,56.0,1,C2: First-Time Buyers
C1023,individual,Heather,Bell,,f,usa,nevada,home,1,yes,website,56.0,1,C2: First-Time Buyers
C1024,individual,Gregory,Long,1969-08-03,m,usa,arizona,investment,2,no,agency,57.0,1,C2: First-Time Buyers
C1025,individual,Michelle,King,,f,usa,california,home,1,no,client,56.0,1,C2: First-Time Buyers
C1026,individual,Robert,Parker,1991-08-12,m,usa,california,investment,1,no,agency,35.0,2,C3: Corporate Buyers
C1027,individual,Gerald,White,1976-12-10,m,usa,california,investment,1,yes,client,50.0,1,C2: First-Time Buyers
C1028,individual,Nicholas,Cox,1942-04-07,m,usa,california,home,1,yes,website,84.0,3,C4: Luxury Investors
C1029,individual,Ryan,Jackson,1949-11-06,m,australia,victoria,home,1,no,agency,77.0,3,C4: Luxury Investors
C1030,individual,Christine,Owens,,f,usa,ohio,home,4,no,website,56.0,0,C1: Global Investors
C1031,individual,Alexander,Reed,,m,uk,england,home,1,no,website,56.0,1,C2: First-Time Buyers
C1032,individual,Larry,Freeman,1977-01-03,m,usa,nevada,home,5,no,website,49.0,0,C1: Global Investors
C1033,individual,Eric,Jackson,,m,france,ile-de-france,home,2,no,website,56.0,1,C2: First-Time Buyers
C1034,individual,Andrea,Wilson,,f,usa,colorado,home,5,no,client,56.0,0,C1: Global Investors
C1035,individual,Jacob,Williams,1961-02-10,m,usa,virginia,home,2,no,website,65.0,1,C2: First-Time Buyers
C1036,individual,Martha,Collins,,f,usa,oregon,home,2,no,agency,56.0,1,C2: First-Time Buyers
C1037,company,Corvus,Co,1970-01-02,m,mexico,baja california,home,2,yes,website,56.0,1,C2: First-Time Buyers
C1038,individual,Gerald,Gray,,m,usa,california,investment,3,no,website,56.0,0,C1: Global Investors
C1039,individual,Nicholas,Carter,,m,usa,california,home,1,yes,agency,56.0,1,C2: First-Time Buyers
C1040,individual,Joseph,Young,1940-04-05,m,usa,california,investment,5,yes,website,86.0,3,C4: Luxury Investors
C1041,individual,Evelyn,Morris,1990-12-07,f,usa,nevada,home,5,yes,website,36.0,2,C3: Corporate Buyers
C1042,individual,Rebecca,Parker,1945-08-03,f,usa,nevada,home,2,no,agency,81.0,3,C4: Luxury Investors
C1043,individual,Carol,Griffin,,f,usa,washington,home,5,no,website,56.0,0,C1: Global Investors
C1044,individual,Eric,Howard,,m,usa,nevada,investment,5,no,website,56.0,0,C1: Global Investors
C1045,individual,Rebecca,Allen,1942-04-01,f,usa,new york,home,3,no,website,84.0,3,C4: Luxury Investors
C1046,individual,Maria,Wood,,f,canada,quebec,home,4,yes,website,56.0,0,C1: Global Investors
C1047,individual,Ronald,Reyes,1984-12-12,m,usa,virginia,home,3,no,website,42.0,2,C3: Corporate Buyers
C1048,individual,Angela,Turner,,f,usa,oregon,investment,1,no,agency,56.0,1,C2: First-Time Buyers
C1049,individual,Tiffany,Sanders,1940-11-05,f,usa,california,investment,5,no,website,86.0,3,C4: Luxury Investors
C1050,individual,Tyler,Watson,1955-10-03,m,usa,georgia,home,4,yes,website,71.0,3,C4: Luxury Investors
C1051,individual,Cheryl,Hansen,,f,usa,virginia,home,1,yes,agency,56.0,1,C2: First-Time Buyers
C1052,individual,Kimberly,Parker,,f,usa,utah,home,1,yes,agency,56.0,1,C2: First-Time Buyers
C1053,individual,Adam,Kim,1974-11-10,m,mexico,nuevo leon,home,2,yes,website,52.0,1,C2: First-Time Buyers
C1054,individual,Edward,Foster,1989-09-04,m,usa,arizona,home,2,yes,website,37.0,2,C3: Corporate Buyers
C1055,individual,Jonathan,Bennett,,m,usa,new york,investment,2,yes,website,56.0,1,C2: First-Time Buyers
C1056,individual,Larry,Wilson,,m,usa,colorado,home,1,yes,website,56.0,1,C2: First-Time Buyers
C1057,individual,Jesse,Garcia,,m,usa,nevada,investment,5,no,website,56.0,0,C1: Global Investors
C1058,individual,Rachel,Weaver,1973-06-12,f,germany,bavaria,home,3,yes,website,53.0,0,C1: Global Investors
C1059,individual,Danielle,Davis,,f,usa,california,home,4,no,website,56.0,0,C1: Global Investors
C1060,individual,Christian,Evans,,m,usa,nevada,home,5,no,agency,56.0,0,C1: Global Investors
C1061,individual,Stephanie,Smith,1960-06-01,f,uk,scotland,home,1,no,website,66.0,1,C2: First-Time Buyers
C1062,individual,Billy,Foster,,m,usa,california,home,4,no,agency,56.0,0,C1: Global Investors
C1063,individual,Nicole,Weaver,1988-12-05,f,usa,new york,investment,5,yes,website,38.0,2,C3: Corporate Buyers
C1064,individual,Brandon,Pierce,1945-08-06,m,usa,california,home,5,yes,website,81.0,3,C4: Luxury Investors
C1065,individual,Mark,Reyes,1955-01-06,m,usa,georgia,home,3,yes,client,71.0,3,C4: Luxury Investors
C1066,individual,Ashley,Moore,,f,australia,victoria,home,1,no,website,56.0,1,C2: First-Time Buyers
C1067,individual,Samuel,Howard,,m,mexico,jalisco,investment,4,no,agency,56.0,0,C1: Global Investors
C1068,individual,Kathleen,Carter,1984-02-10,f,usa,california,home,3,no,agency,42.0,2,C3: Corporate Buyers
C1069,individual,Lawrence,Cox,,m,usa,virginia,home,3,yes,agency,56.0,0,C1: Global Investors
C1070,individual,Virginia,Rogers,,f,germany,bavaria,home,5,no,agency,56.0,0,C1: Global Investors
C1071,individual,Aaron,Johnson,1966-08-11,m,usa,texas,home,2,no,agency,60.0,1,C2: First-Time Buyers
C1072,individual,Kimberly,Jones,1962-06-10,f,usa,utah,home,3,no,agency,64.0,0,C1: Global Investors
C1073,individual,Carl,Collins,1955-07-02,m,usa,california,investment,2,no,website,71.0,3,C4: Luxury Investors
C1074,individual,George,Foster,1954-07-10,m,uk,northern ireland,home,1,no,website,72.0,1,C2: First-Time Buyers
C1075,individual,Carolyn,Watson,,f,mexico,baja california,home,3,no,website,56.0,0,C1: Global Investors
C1076,individual,Betty,Thompson,,f,usa,florida,investment,3,no,agency,56.0,0,C1: Global Investors
C1077,individual,Peter,Griffin,1982-03-07,m,usa,texas,investment,2,no,agency,44.0,1,C2: First-Time Buyers
C1078,individual,Joshua,Howard,,m,usa,ohio,home,1,no,agency,56.0,1,C2: First-Time Buyers
C1079,individual,Steven,Hayes,,m,usa,california,investment,4,yes,website,56.0,0,C1: Global Investors
C1080,individual,Hannah,Stewart,1956-10-06,f,uk,england,investment,4,no,agency,70.0,3,C4: Luxury Investors
C1081,company,Meridian,Co,1974-09-08,m,russia,novosibirsk,home,4,yes,agency,52.0,0,C1: Global Investors
C1082,individual,Patricia,Martin,1993-02-04,f,usa,oregon,investment,5,yes,website,33.0,2,C3: Corporate Buyers
C1083,individual,Pamela,Jackson,1950-10-06,f,usa,colorado,investment,4,no,agency,76.0,3,C4: Luxury Investors
C1084,individual,Sarah,Hansen,,f,france,ile-de-france,home,4,no,agency,56.0,0,C1: Global Investors
C1085,individual,Sarah,Flores,,f,australia,queensland,investment,1,no,client,56.0,1,C2: First-Time Buyers
C1086,individual,Timothy,Montgomery,1956-03-01,m,usa,colorado,home,1,yes,website,70.0,1,C2: First-Time Buyers
C1087,individual,Matthew,Owens,1984-01-03,m,usa,colorado,home,3,no,website,42.0,2,C3: Corporate Buyers
C1088,individual,Nicholas,Stewart,,m,usa,utah,home,4,yes,agency,56.0,0,C1: Global Investors
C1089,individual,Madison,Ward,,f,usa,utah,home,1,yes,website,56.0,1,C2: First-Time Buyers
C1090,individual,Laura,Moore,1962-09-07,f,canada,alberta,home,3,yes,client,64.0,0,C1: Global Investors
C1091,individual,Arthur,Phillips,,m,usa,nevada,home,1,yes,agency,56.0,1,C2: First-Time Buyers
C1092,individual,Terry,Adams,,m,usa,oregon,investment,2,no,website,56.0,1,C2: First-Time Buyers
C1093,individual,Adam,Allen,,m,usa,oregon,home,1,yes,website,56.0,1,C2: First-Time Buyers
C1094,individual,Sarah,Cook,1960-02-12,f,usa,washington,home,2,yes,website,66.0,1,C2: First-Time Buyers
C1095,individual,Cynthia,Howard,,f,usa,california,home,3,no,agency,56.0,0,C1: Global Investors
C1096,individual,Grace,Edwards,,f,usa,new york,home,2,no,client,56.0,1,C2: First-Time Buyers
C1097,individual,Teresa,Pierce,,f,canada,alberta,home,3,yes,agency,56.0,0,C1: Global Investors
C1098,individual,Paul,Young,,m,usa,california,investment,3,no,client,56.0,0,C1: Global Investors
C1099,individual,Joan,Scott,,f,usa,colorado,home,3,no,agency,56.0,0,C1: Global Investors
C1100,individual,Frank,Thomas,,m,russia,novosibirsk,home,1,no,website,56.0,1,C2: First-Time Buyers
C1101,individual,Matthew,King,1964-01-03,m,belgium,flanders,home,5,no,website,62.0,0,C1: Global Investors
C1102,company,Harmon,Co,1960-05-06,m,germany,berlin,home,2,no,agency,66.0,1,C2: First-Time Buyers
C1103,individual,Jose,Johnson,,m,belgium,wallonia,home,4,no,agency,56.0,0,C1: Global Investors
C1104,individual,Christian,Weaver,,m,usa,utah,investment,5,yes,website,56.0,0,C1: Global Investors
C1105,individual,Roger,Ward,,m,usa,nevada,home,3,yes,website,56.0,0,C1: Global Investors
C1106,individual,Sean,Martin,,m,usa,california,home,1,no,agency,56.0,1,C2: First-Time Buyers
C1107,individual,Frank,Hayes,,m,canada,british columbia,home,1,no,website,56.0,1,C2: First-Time Buyers
C1108,individual,Helen,Ward,1994-01-12,f,australia,south australia,home,4,no,website,32.0,2,C3: Corporate Buyers
C1109,individual,Rebecca,Anderson,1967-09-05,f,usa,california,home,1,yes,client,59.0,1,C2: First-Time Buyers
C1110,individual,Harold,Watson,1977-05-12,m,usa,new york,home,5,yes,website,49.0,0,C1: Global Investors
C1111,company,Corvus,Co,,m,usa,california,home,4,yes,website,56.0,0,C1: Global Investors
C1112,individual,Donald,Green,1982-01-05,m,usa,nevada,investment,3,yes,website,44.0,2,C3: Corporate Buyers
C1113,individual,Brenda,Martin,,f,usa,texas,investment,2,no,client,56.0,1,C2: First-Time Buyers
C1114,individual,Cheryl,Wood,1992-02-04,f,usa,california,home,3,no,website,34.0,2,C3: Corporate Buyers
C1115,individual,Joseph,Bell,,m,usa,colorado,home,3,yes,agency,56.0,0,C1: Global Investors
C1116,individual,Angela,Freeman,,f,usa,california,home,1,yes,agency,56.0,1,C2: First-Time Buyers
C1117,individual,Rebecca,Patterson,,f,mexico,mexico city,home,5,yes,website,56.0,0,C1: Global Investors
C1118,company,Caldera,Co,,m,uk,scotland,investment,2,yes,website,56.0,1,C2: First-Time Buyers
C1119,individual,Larry,Green,,m,usa,oregon,home,1,yes,website,56.0,1,C2: First-Time Buyers
C1120,individual,Kathleen,Carter,,f,usa,arizona,home,1,no,website,56.0,1,C2: First-Time Buyers
C1121,individual,Carolyn,Gray,1985-06-02,f,usa,california,home,1,no,client,41.0,1,C2: First-Time Buyers
C1122,individual,Judith,Evans,1942-10-04,f,usa,california,home,4,no,website,84.0,3,C4: Luxury Investors
C1123,individual,Robert,Pierce,1951-03-11,m,usa,virginia,home,5,no,agency,75.0,3,C4: Luxury Investors
C1124,individual,Sharon,Murray,1976-02-04,f,usa,oregon,investment,5,yes,website,50.0,0,C1: Global Investors
C1125,individual,Ronald,Price,1941-02-03,m,usa,oregon,home,3,no,agency,85.0,3,C4: Luxury Investors
C1126,company,Elara,Co,,m,usa,virginia,home,1,yes,website,56.0,1,C2: First-Time Buyers
C1127,individual,Ann,Cooper,,f,uk,england,investment,1,no,website,56.0,1,C2: First-Time Buyers
C1128,individual,Brian,Montgomery,1983-12-05,m,usa,california,investment,1,no,website,43.0,1,C2: First-Time Buyers
C1129,individual,Martha,Hansen,1945-09-03,f,usa,colorado,investment,5,no,agency,81.0,3,C4: Luxury Investors
C1130,individual,Tiffany,Parker,1987-03-01,f,usa,arizona,home,5,no,website,39.0,2,C3: Corporate Buyers
C1131,individual,Cheryl,Kim,,f,usa,california,investment,3,no,website,56.0,0,C1: Global Investors
C1132,individual,Terry,Roberts,,m,usa,new york,home,2,yes,website,56.0,1,C2: First-Time Buyers
C1133,individual,Jason,Hansen,,m,usa,oregon,investment,3,no,website,56.0,0,C1: Global Investors
C1134,individual,Dorothy,Bennett,1943-10-10,f,usa,california,investment,1,no,website,83.0,3,C4: Luxury Investors
C1135,individual,Melissa,Phillips,,f,russia,moscow oblast,investment,5,yes,client,56.0,0,C1: Global Investors
C1136,individual,Shirley,Weaver,,f,usa,california,home,3,yes,agency,56.0,0,C1: Global Investors
C1137,individual,Carol,Price,,f,usa,nevada,home,4,yes,agency,56.0,0,C1: Global Investors
C1138,individual,George,Green,,m,usa,oregon,home,1,no,website,56.0,1,C2: First-Time Buyers
C1139,individual,Tiffany,Green,1996-03-03,f,usa,california,home,4,yes,client,30.0,2,C3: Corporate Buyers
C1140,individual,Billy,Jackson,1976-07-01,m,usa,florida,home,1,yes,website,50.0,1,C2: First-Time Buyers
C1141,individual,Kimberly,Montgomery,,f,usa,arizona,investment,3,no,website,56.0,0,C1: Global Investors
C1142,individual,Julia,Hughes,1948-03-10,f,usa,colorado,home,2,yes,agency,78.0,3,C4: Luxury Investors
C1143,individual,Michael,Garcia,1994-09-10,m,usa,arizona,home,2,yes,website,32.0,2,C3: Corporate Buyers
C1144,individual,Diane,Young,1978-11-10,f,usa,georgia,investment,4,no,client,48.0,0,C1: Global Investors
C1145,individual,Ethan,King,1993-04-04,m,usa,nevada,home,5,no,website,33.0,2,C3: Corporate Buyers
C1146,individual,Richard,Weaver,,m,usa,california,investment,2,no,website,56.0,1,C2: First-Time Buyers
C1147,individual,Brittany,Edwards,1978-02-09,f,usa,utah,home,3,no,website,48.0,0,C1: Global Investors
C1148,individual,Joshua,Rogers,,m,australia,new south wales,home,1,yes,agency,56.0,1,C2: First-Time Buyers
C1149,individual,Kimberly,Thomas,1980-03-06,f,russia,tatarstan,home,3,no,agency,46.0,2,C3: Corporate Buyers
C1150,individual,Tiffany,Cook,1992-11-08,f,usa,nevada,investment,4,no,agency,34.0,2,C3: Corporate Buyers
C1151,individual,Tyler,Anderson,,m,usa,arizona,investment,2,no,website,56.0,1,C2: First-Time Buyers
C1152,individual,Jason,Williams,,m,usa,georgia,home,1,no,website,56.0,1,C2: First-Time Buyers
C1153,individual,Scott,Sanders,,m,usa,california,home,1,no,website,56.0,1,C2: First-Time Buyers
C1154,individual,Jerry,Brown,1956-07-12,m,usa,utah,home,5,yes,agency,70.0,0,C1: Global Investors
C1155,individual,William,Young,1977-03-03,m,usa,california,home,5,no,website,49.0,0,C1: Global Investors
C1156,individual,Dorothy,Kim,,f,usa,virginia,home,4,no,agency,56.0,0,C1: Global Investors
C1157,individual,Kenneth,Davis,1944-11-02,m,canada,alberta,investment,2,no,website,82.0,3,C4: Luxury Investors
C1158,individual,Joan,Pierce,,f,usa,california,investment,2,no,website,56.0,1,C2: First-Time Buyers
C1159,individual,Gerald,Howard,,m,usa,nevada,investment,1,yes,website,56.0,1,C2: First-Time Buyers
C1160,individual,Walter,Griffin,,m,usa,florida,home,2,yes,website,56.0,1,C2: First-Time Buyers
C1161,individual,Stephen,White,1994-02-12,m,canada,alberta,investment,3,yes,website,32.0,2,C3: Corporate Buyers
C1162,individual,Charles,Nelson,,m,usa,california,investment,2,no,website,56.0,1,C2: First-Time Buyers
C1163,individual,Noah,Morales,,m,usa,california,home,3,yes,website,56.0,0,C1: Global Investors
C1164,individual,Emma,Watson,1968-04-11,f,belgium,wallonia,home,3,yes,agency,58.0,0,C1: Global Investors
C1165,individual,Victoria,Alexander,,f,russia,moscow oblast,home,1,no,website,56.0,1,C2: First-Time Buyers
C1166,individual,Scott,Hall,,m,usa,new york,investment,1,no,website,56.0,1,C2: First-Time Buyers
C1167,individual,Kevin,Alexander,,m,uk,scotland,home,3,no,website,56.0,0,C1: Global Investors
C1168,individual,Brittany,Reyes,,f,germany,hamburg,home,2,yes,agency,56.0,1,C2: First-Time Buyers
C1169,individual,Noah,Bryant,1994-01-05,m,russia,saint petersburg,home,5,yes,agency,32.0,2,C3: Corporate Buyers
C1170,individual,Amanda,Collins,1990-02-09,f,usa,nevada,home,1,yes,website,36.0,2,C3: Corporate Buyers
C1171,individual,Anna,Patterson,,f,usa,california,investment,4,yes,website,56.0,0,C1: Global Investors
C1172,individual,Victoria,Freeman,1942-11-05,f,usa,nevada,home,5,no,website,84.0,3,C4: Luxury Investors
C1173,individual,Cheryl,Price,1984-11-02,f,canada,manitoba,investment,1,no,website,42.0,1,C2: First-Time Buyers
C1174,individual,Kenneth,White,1982-07-06,m,usa,nevada,home,2,no,agency,44.0,1,C2: First-Time Buyers
C1175,individual,Evelyn,Long,,f,usa,california,home,2,no,website,56.0,1,C2: First-Time Buyers
C1176,individual,Lauren,Baker,1975-06-03,f,usa,california,investment,4,yes,agency,51.0,0,C1: Global Investors
C1177,individual,Larry,Sanders,1998-09-05,m,usa,california,investment,2,no,agency,28.0,2,C3: Corporate Buyers
C1178,individual,Jessica,Richardson,,f,usa,california,home,1,no,agency,56.0,1,C2: First-Time Buyers
C1179,individual,Melissa,Anderson,1991-02-09,f,usa,california,home,4,no,agency,35.0,2,C3: Corporate Buyers
C1180,individual,Deborah,Miller,1995-07-11,f,belgium,brussels,home,2,yes,website,31.0,2,C3: Corporate Buyers
C1181,individual,Judith,Hansen,,f,usa,nevada,investment,5,no,website,56.0,0,C1: Global Investors
C1182,individual,Christopher,Murray,1961-03-11,m,germany,bavaria,investment,3,yes,website,65.0,0,C1: Global Investors
C1183,individual,Carl,Rogers,,m,usa,arizona,investment,1,no,website,56.0,1,C2: First-Time Buyers
C1184,individual,David,Nelson,,m,france,ile-de-france,home,2,no,website,56.0,1,C2: First-Time Buyers
C1185,individual,Ronald,Peterson,,m,usa,california,home,3,no,website,56.0,0,C1: Global Investors
C1186,individual,Victoria,Bennett,,f,usa,nevada,home,3,yes,website,56.0,0,C1: Global Investors
C1187,individual,Melissa,Pierce,,f,usa,nevada,home,4,no,website,56.0,0,C1: Global Investors
C1188,individual,Matthew,White,1995-11-01,m,canada,alberta,home,1,no,client,31.0,2,C3: Corporate Buyers
C1189,individual,Peter,Alexander,,m,usa,florida,home,2,yes,client,56.0,1,C2: First-Time Buyers
C1190,individual,Sandra,Baker,1946-08-04,f,usa,texas,home,4,no,client,80.0,3,C4: Luxury Investors
C1191,individual,Mary,Cox,,f,usa,california,investment,3,no,website,56.0,0,C1: Global Investors
C1192,individual,Adam,Jones,2000-01-05,m,usa,florida,home,5,no,website,26.0,2,C3: Corporate Buyers
C1193,individual,Amy,Owens,,f,uk,england,home,1,no,website,56.0,1,C2: First-Time Buyers
C1194,individual,Melissa,Brooks,,f,usa,colorado,home,1,no,website,56.0,1,C2: First-Time Buyers
C1195,individual,Anna,Pierce,1990-06-07,f,usa,california,home,4,yes,agency,36.0,2,C3: Corporate Buyers
C1196,individual,William,Freeman,1955-09-03,m,usa,nevada,home,2,no,agency,71.0,3,C4: Luxury Investors
C1197,individual,Deborah,Roberts,1959-04-10,f,usa,arizona,home,4,no,website,67.0,0,C1: Global Investors
C1198,individual,Lisa,Young,,f,usa,new york,home,1,no,agency,56.0,1,C2: First-Time Buyers
C1199,individual,Justin,Campbell,1943-03-03,m,usa,colorado,home,2,no,website,83.0,3,C4: Luxury Investors
C1200,individual,Henry,Taylor,1969-11-03,m,usa,utah,home,4,no,agency,57.0,0,C1: Global Investors
C1201,individual,Timothy,Stewart,,m,usa,oregon,investment,1,yes,website,56.0,1,C2: First-Time Buyers
C1202,company,Telnox,Co,1985-05-09,m,canada,quebec,investment,5,yes,website,41.0,2,C3: Corporate Buyers
C1203,individual,Ashley,Green,,f,usa,arizona,home,2,yes,website,56.0,1,C2: First-Time Buyers
C1204,individual,William,Reed,1992-04-03,m,mexico,puebla,investment,2,yes,website,34.0,2,C3: Corporate Buyers
C1205,individual,Patrick,Pierce,,m,belgium,flanders,home,4,no,website,56.0,0,C1: Global Investors
C1206,individual,Melissa,Baker,1957-12-09,f,usa,california,investment,5,no,website,69.0,0,C1: Global Investors
C1207,individual,Lauren,Price,,f,usa,texas,home,5,yes,agency,56.0,0,C1: Global Investors
C1208,individual,Noah,Ward,,m,usa,colorado,home,1,no,website,56.0,1,C2: First-Time Buyers
C1209,individual,Tiffany,Kim,1978-07-01,f,usa,california,home,4,yes,website,48.0,0,C1: Global Investors
C1210,individual,Dennis,Cox,1991-06-04,m,usa,california,investment,1,no,website,35.0,2,C3: Corporate Buyers
C1211,individual,Kathleen,Owens,1996-07-10,f,canada,british columbia,home,5,yes,website,30.0,2,C3: Corporate Buyers
C1212,individual,Lawrence,Gray,1957-07-11,m,usa,california,home,1,no,agency,69.0,1,C2: First-Time Buyers
C1213,individual,Ruth,Martin,1993-08-06,f,canada,manitoba,home,5,no,website,33.0,2,C3: Corporate Buyers
C1214,individual,Jennifer,Peterson,2000-08-10,f,usa,florida,home,1,no,agency,26.0,2,C3: Corporate Buyers
C1215,individual,Charles,Patterson,,m,usa,california,home,3,no,website,56.0,0,C1: Global Investors
C1216,individual,Martha,Jordan,1997-07-10,f,france,normandy,home,4,no,website,29.0,2,C3: Corporate Buyers
C1217,individual,William,Carter,1997-01-05,m,usa,california,investment,4,yes,website,29.0,2,C3: Corporate Buyers
C1218,individual,Teresa,Smith,,f,usa,california,home,1,yes,website,56.0,1,C2: First-Time Buyers
C1219,individual,Danielle,Howard,1983-12-06,f,usa,arizona,home,1,yes,website,43.0,1,C2: First-Time Buyers
C1220,individual,Christina,Martin,1967-09-08,f,usa,colorado,investment,4,yes,website,59.0,0,C1: Global Investors
C1221,individual,Cynthia,Thomas,,f,usa,nevada,investment,2,no,agency,56.0,1,C2: First-Time Buyers
C1222,individual,Christopher,Taylor,1969-01-07,m,usa,utah,home,4,no,website,57.0,0,C1: Global Investors
C1223,individual,Sharon,Stone,,f,usa,washington,home,4,no,website,56.0,0,C1: Global Investors
C1224,individual,Paul,Carter,,m,usa,new york,investment,5,yes,client,56.0,0,C1: Global Investors
C1225,individual,Larry,James,1990-11-10,m,usa,oregon,home,2,no,website,36.0,2,C3: Corporate Buyers
C1226,individual,Michael,Sanders,1989-05-01,m,usa,utah,home,4,no,website,37.0,2,C3: Corporate Buyers
C1227,individual,Alexander,Reyes,,m,usa,colorado,home,3,yes,agency,56.0,0,C1: Global Investors
C1228,individual,Joseph,Howard,1954-07-07,m,usa,california,home,2,no,website,72.0,3,C4: Luxury Investors
C1229,individual,Madison,Reyes,1994-11-02,f,uk,scotland,home,1,yes,website,32.0,2,C3: Corporate Buyers
C1230,individual,Lawrence,Parker,,m,usa,california,home,5,no,client,56.0,0,C1: Global Investors
C1231,individual,Betty,Carter,1954-12-09,f,usa,california,home,2,no,agency,72.0,3,C4: Luxury Investors
C1232,individual,Mary,Jackson,,f,canada,british columbia,home,3,no,website,56.0,0,C1: Global Investors
C1233,individual,Brian,Scott,1979-08-05,m,usa,utah,home,4,no,website,47.0,0,C1: Global Investors
C1234,individual,Karen,King,,f,usa,colorado,investment,1,no,website,56.0,1,C2: First-Time Buyers
C1235,individual,Michael,Morales,,m,usa,arizona,home,2,no,website,56.0,1,C2: First-Time Buyers
C1236,individual,Brandon,Cook,,m,usa,arizona,home,4,yes,website,56.0,0,C1: Global Investors
C1237,individual,Helen,Cook,,f,uk,wales,investment,4,yes,website,56.0,0,C1: Global Investors
C1238,individual,Joshua,Bennett,,m,usa,nevada,home,1,yes,agency,56.0,1,C2: First-Time Buyers
C1239,individual,Catherine,Adams,1953-02-07,f,usa,oregon,home,3,no,agency,73.0,3,C4: Luxury Investors
C1240,individual,Gloria,Wright,1984-11-12,f,usa,nevada,investment,4,yes,website,42.0,2,C3: Corporate Buyers
C1241,individual,Danielle,Martin,,f,usa,california,home,1,no,agency,56.0,1,C2: First-Time Buyers
C1242,individual,Gerald,Collins,,m,usa,california,home,3,yes,website,56.0,0,C1: Global Investors
C1243,individual,Jeffrey,Edwards,1948-10-04,m,usa,colorado,home,1,no,website,78.0,3,C4: Luxury Investors
C1244,individual,Joseph,Phillips,1992-06-10,m,usa,utah,investment,5,yes,website,34.0,2,C3: Corporate Buyers
C1245,individual,Edward,Reyes,1963-02-10,m,usa,california,home,3,yes,agency,63.0,0,C1: Global Investors
C1246,individual,Joyce,Jackson,1943-05-10,f,canada,alberta,home,2,no,agency,83.0,3,C4: Luxury Investors
C1247,individual,Judy,Moore,1957-04-09,f,usa,nevada,investment,2,no,website,69.0,3,C4: Luxury Investors
C1248,individual,Sara,Scott,1976-07-04,f,usa,arizona,home,3,no,agency,50.0,0,C1: Global Investors
C1249,individual,Janet,James,,f,usa,california,investment,1,no,website,56.0,1,C2: First-Time Buyers
C1250,individual,Jordan,Stewart,,m,usa,nevada,home,5,no,agency,56.0,0,C1: Global Investors
C1251,individual,Aaron,Thompson,1975-11-01,m,usa,texas,investment,5,no,website,51.0,0,C1: Global Investors
C1252,individual,Margaret,Cook,,f,usa,arizona,home,3,yes,website,56.0,0,C1: Global Investors
C1253,individual,Jason,Flores,,m,usa,california,home,2,no,agency,56.0,1,C2: First-Time Buyers
C1254,individual,Ethan,Freeman,1956-04-04,m,usa,california,home,5,yes,agency,70.0,0,C1: Global Investors
C1255,individual,Mark,Patterson,,m,usa,california,home,3,no,agency,56.0,0,C1: Global Investors
C1256,company,Triton,Co,,f,usa,california,investment,4,no,agency,56.0,0,C1: Global Investors
C1257,individual,Michael,Scott,,m,usa,california,home,5,yes,agency,56.0,0,C1: Global Investors
C1258,individual,Betty,Stone,,f,usa,nevada,home,1,no,website,56.0,1,C2: First-Time Buyers
C1259,individual,William,Edwards,,m,usa,california,investment,3,yes,agency,56.0,0,C1: Global Investors
C1260,individual,Elizabeth,Ward,,f,usa,california,home,2,no,agency,56.0,1,C2: First-Time Buyers
C1261,individual,Patrick,Kim,1976-09-03,m,usa,utah,home,3,no,client,50.0,0,C1: Global Investors
C1262,individual,Dorothy,Evans,1950-11-10,f,usa,california,investment,4,no,agency,76.0,3,C4: Luxury Investors
C1263,individual,Lawrence,Alexander,,m,usa,california,investment,3,no,agency,56.0,0,C1: Global Investors
C1264,individual,Sarah,Garcia,1999-12-06,f,usa,california,investment,1,no,agency,27.0,2,C3: Corporate Buyers
C1265,individual,Gary,White,,m,usa,washington,home,1,yes,agency,56.0,1,C2: First-Time Buyers
C1266,individual,Christopher,Hughes,,m,uk,england,home,2,no,website,56.0,1,C2: First-Time Buyers
C1267,individual,Dorothy,Peterson,1965-04-07,f,usa,colorado,home,3,yes,website,61.0,0,C1: Global Investors
C1268,individual,Gloria,Green,1995-10-01,f,uk,northern ireland,investment,1,yes,website,31.0,2,C3: Corporate Buyers
C1269,individual,Jack,Bennett,,m,usa,california,home,5,no,website,56.0,0,C1: Global Investors
C1270,individual,Cheryl,Ward,,f,usa,texas,home,4,no,agency,56.0,0,C1: Global Investors
C1271,individual,Noah,Anderson,1992-09-10,m,usa,california,home,2,yes,agency,34.0,2,C3: Corporate Buyers
C1272,individual,Ryan,Collins,,m,france,occitanie,home,1,yes,website,56.0,1,C2: First-Time Buyers
C1273,individual,Gerald,Jordan,,m,canada,alberta,home,5,no,website,56.0,0,C1: Global Investors
C1274,individual,Linda,Jones,1979-07-09,f,usa,california,investment,1,yes,website,47.0,1,C2: First-Time Buyers
C1275,individual,Jessica,Roberts,,f,usa,georgia,investment,1,no,website,56.0,1,C2: First-Time Buyers
C1276,individual,Arthur,Griffin,1940-03-09,m,australia,victoria,home,1,yes,agency,86.0,3,C4: Luxury Investors
C1277,individual,Lauren,Griffin,1981-04-01,f,usa,california,investment,2,no,agency,45.0,1,C2: First-Time Buyers
C1278,individual,Arthur,Griffin,,m,usa,utah,home,4,no,website,56.0,0,C1: Global Investors
C1279,individual,Peter,Martin,1943-10-12,m,usa,california,home,4,yes,website,83.0,3,C4: Luxury Investors
C1280,individual,Jacob,Bennett,,m,usa,texas,home,2,yes,website,56.0,1,C2: First-Time Buyers
C1281,individual,Deborah,Edwards,1998-06-12,f,canada,manitoba,investment,2,yes,website,28.0,2,C3: Corporate Buyers
C1282,individual,Ashley,Taylor,,f,usa,colorado,investment,3,yes,agency,56.0,0,C1: Global Investors
C1283,individual,Janice,Collins,1945-11-08,f,usa,new york,home,3,no,agency,81.0,3,C4: Luxury Investors
C1284,individual,Patrick,Bennett,,m,usa,california,home,2,no,website,56.0,1,C2: First-Time Buyers
C1285,individual,Steven,Cox,1954-03-02,m,usa,utah,home,4,yes,website,72.0,3,C4: Luxury Investors
C1286,individual,Stephen,Evans,1963-07-10,m,usa,california,home,5,no,agency,63.0,0,C1: Global Investors
C1287,individual,Diane,Hughes,1998-04-07,f,usa,california,investment,4,no,website,28.0,2,C3: Corporate Buyers
C1288,individual,Sean,Cooper,,m,belgium,wallonia,home,3,no,agency,56.0,0,C1: Global Investors
C1289,individual,Samuel,Freeman,,m,mexico,jalisco,investment,1,yes,agency,56.0,1,C2: First-Time Buyers
C1290,individual,Teresa,Long,,f,usa,washington,home,3,yes,website,56.0,0,C1: Global Investors
C1291,individual,Paul,Johnson,1983-11-09,m,usa,california,investment,5,yes,website,43.0,0,C1: Global Investors
C1292,individual,Jordan,Evans,,m,usa,texas,investment,5,yes,website,56.0,0,C1: Global Investors
C1293,individual,Anna,Wright,1972-08-01,f,usa,california,home,1,no,agency,54.0,1,C2: First-Time Buyers
C1294,individual,Henry,Davis,1963-02-09,m,canada,ontario,investment,3,yes,agency,63.0,0,C1: Global Investors
C1295,individual,Anna,Bryant,,f,usa,california,investment,1,yes,website,56.0,1,C2: First-Time Buyers
C1296,individual,Keith,Hughes,1963-06-02,m,usa,virginia,home,1,no,website,63.0,1,C2: First-Time Buyers
C1297,company,Vertex,Co,1983-09-06,m,germany,berlin,home,5,no,website,43.0,0,C1: Global Investors
C1298,individual,Margaret,Taylor,1968-08-04,f,usa,california,home,2,no,agency,58.0,1,C2: First-Time Buyers
C1299,individual,Karen,James,1944-05-05,f,usa,california,investment,3,no,website,82.0,3,C4: Luxury Investors
C1300,individual,Judith,Collins,1961-01-06,f,usa,california,home,2,no,website,65.0,1,C2: First-Time Buyers
C1301,individual,Benjamin,Hayes,,m,usa,virginia,home,2,no,agency,56.0,1,C2: First-Time Buyers
C1302,individual,Jerry,Anderson,,m,usa,arizona,investment,5,no,website,56.0,0,C1: Global Investors
C1303,individual,Christian,Miller,,m,usa,arizona,home,3,yes,website,56.0,0,C1: Global Investors
C1304,individual,Angela,Cook,1985-06-08,f,usa,california,investment,1,no,website,41.0,1,C2: First-Time Buyers
C1305,individual,Catherine,Anderson,,f,usa,georgia,home,4,no,website,56.0,0,C1: Global Investors
C1306,individual,Kathleen,Morales,,f,usa,washington,home,5,no,website,56.0,0,C1: Global Investors
C1307,individual,Rachel,Rogers,,f,usa,colorado,home,5,no,agency,56.0,0,C1: Global Investors
C1308,individual,Timothy,Sanders,2000-03-04,m,usa,california,investment,5,no,agency,26.0,2,C3: Corporate Buyers
C1309,individual,David,Reyes,1999-12-06,m,usa,california,home,5,no,website,27.0,2,C3: Corporate Buyers
C1310,individual,Ann,Roberts,1955-05-04,f,usa,new york,home,5,no,agency,71.0,3,C4: Luxury Investors
C1311,individual,Christopher,Ward,,m,uk,england,home,4,yes,client,56.0,0,C1: Global Investors
C1312,individual,Timothy,Stone,1942-09-03,m,usa,new york,home,5,no,website,84.0,3,C4: Luxury Investors
C1313,individual,Heather,Reed,,f,australia,western australia,investment,3,no,website,56.0,0,C1: Global Investors
C1314,individual,Rachel,Miller,,f,usa,arizona,home,3,no,website,56.0,0,C1: Global Investors
C1315,individual,Joshua,Garcia,,m,usa,colorado,home,3,no,agency,56.0,0,C1: Global Investors
C1316,individual,Emma,King,1993-05-09,f,usa,colorado,home,2,yes,website,33.0,2,C3: Corporate Buyers
C1317,company,Atlas,Co,,m,usa,utah,home,2,yes,website,56.0,1,C2: First-Time Buyers
C1318,individual,William,Montgomery,,m,usa,texas,home,1,no,website,56.0,1,C2: First-Time Buyers
C1319,individual,Grace,James,,f,usa,florida,home,3,yes,client,56.0,0,C1: Global Investors
C1320,individual,Peter,Reyes,1969-05-03,m,usa,california,investment,1,no,website,57.0,1,C2: First-Time Buyers
C1321,individual,Christopher,Reed,1990-09-11,m,usa,colorado,investment,5,no,client,36.0,2,C3: Corporate Buyers
C1322,individual,Barbara,Reyes,,f,usa,california,home,5,no,agency,56.0,0,C1: Global Investors
C1323,individual,Nicholas,Moore,,m,usa,utah,home,3,no,website,56.0,0,C1: Global Investors
C1324,individual,Carl,Edwards,,m,usa,arizona,investment,2,yes,agency,56.0,1,C2: First-Time Buyers
C1325,individual,George,Jones,1974-12-09,m,canada,alberta,home,5,yes,agency,52.0,0,C1: Global Investors
C1326,individual,Brandon,Mitchell,,m,usa,colorado,investment,4,no,website,56.0,0,C1: Global Investors
C1327,individual,Betty,Carter,,f,usa,california,home,4,yes,website,56.0,0,C1: Global Investors
C1328,individual,Sandra,Cooper,,f,usa,washington,home,4,no,website,56.0,0,C1: Global Investors
C1329,individual,Scott,Parker,,m,usa,california,investment,3,yes,agency,56.0,0,C1: Global Investors
C1330,individual,Kelly,James,1975-05-02,f,usa,colorado,investment,2,no,agency,51.0,1,C2: First-Time Buyers
C1331,individual,Christina,Bennett,1986-10-06,f,usa,california,investment,1,no,agency,40.0,1,C2: First-Time Buyers
C1332,individual,Michael,Howard,1995-12-11,m,usa,washington,investment,5,yes,agency,31.0,2,C3: Corporate Buyers
C1333,individual,Jack,Hansen,,m,usa,nevada,investment,2,yes,website,56.0,1,C2: First-Time Buyers
C1334,individual,Victoria,Nelson,1965-12-08,f,usa,california,home,5,yes,agency,61.0,0,C1: Global Investors
C1335,individual,Elizabeth,Hall,1982-05-01,f,usa,oregon,investment,2,yes,website,44.0,1,C2: First-Time Buyers
C1336,individual,Joyce,Thompson,1948-12-09,f,usa,california,home,5,no,client,78.0,3,C4: Luxury Investors
C1337,individual,Jennifer,Johnson,,f,usa,california,investment,5,no,website,56.0,0,C1: Global Investors
C1338,individual,Christine,James,1968-12-01,f,usa,california,home,2,yes,website,58.0,1,C2: First-Time Buyers
C1339,company,Rexon,Co,,m,usa,nevada,home,4,yes,website,56.0,0,C1: Global Investors
C1340,company,Forsyte,Co,1988-12-05,m,usa,colorado,home,5,no,website,38.0,2,C3: Corporate Buyers
C1341,individual,Julie,Cox,,f,usa,colorado,home,5,yes,website,56.0,0,C1: Global Investors
C1342,individual,Maria,Griffin,,f,usa,california,home,1,yes,agency,56.0,1,C2: First-Time Buyers
C1343,individual,Megan,Turner,,f,canada,ontario,home,5,no,agency,56.0,0,C1: Global Investors
C1344,individual,Carl,Phillips,,m,usa,florida,home,1,no,agency,56.0,1,C2: First-Time Buyers
C1345,individual,Mary,Parker,,f,usa,texas,home,5,no,website,56.0,0,C1: Global Investors
C1346,company,Triton,Co,,f,usa,colorado,investment,4,no,agency,56.0,0,C1: Global Investors
C1347,individual,Mark,James,,m,usa,washington,home,2,no,client,56.0,1,C2: First-Time Buyers
C1348,individual,Peter,Harris,,m,usa,oregon,home,4,yes,client,56.0,0,C1: Global Investors
C1349,individual,Joyce,Johnson,,f,usa,virginia,investment,3,no,website,56.0,0,C1: Global Investors
C1350,individual,Julia,King,,f,germany,hamburg,home,5,no,website,56.0,0,C1: Global Investors
C1351,individual,Judith,Long,,f,australia,south australia,home,2,no,client,56.0,1,C2: First-Time Buyers
C1352,individual,Benjamin,Gray,,m,usa,california,home,2,yes,agency,56.0,1,C2: First-Time Buyers
C1353,individual,Debra,Jackson,,f,canada,alberta,home,1,no,agency,56.0,1,C2: First-Time Buyers
C1354,individual,Patrick,Johnson,1941-04-09,m,usa,florida,home,5,no,website,85.0,3,C4: Luxury Investors
C1355,individual,Shirley,Owens,,f,usa,california,investment,2,yes,client,56.0,1,C2: First-Time Buyers
C1356,individual,Jonathan,Morales,,m,usa,oregon,investment,4,no,agency,56.0,0,C1: Global Investors
C1357,individual,Danielle,Patterson,1987-03-01,f,usa,california,home,5,yes,website,39.0,2,C3: Corporate Buyers
C1358,individual,Gregory,Taylor,1943-01-05,m,usa,texas,home,4,no,agency,83.0,3,C4: Luxury Investors
C1359,individual,Gary,Owens,,m,usa,virginia,home,3,no,agency,56.0,0,C1: Global Investors
C1360,individual,Billy,Nelson,,m,usa,virginia,home,4,no,agency,56.0,0,C1: Global Investors
C1361,individual,Ashley,Owens,,f,usa,california,home,3,no,client,56.0,0,C1: Global Investors
C1362,individual,Laura,Jordan,,f,usa,california,investment,1,yes,agency,56.0,1,C2: First-Time Buyers
C1363,individual,James,Stone,1981-06-04,m,usa,georgia,home,5,yes,agency,45.0,0,C1: Global Investors
C1364,individual,Andrea,Watson,,f,usa,california,investment,1,no,website,56.0,1,C2: First-Time Buyers
C1365,individual,Tiffany,Sanders,,f,belgium,brussels,investment,5,yes,website,56.0,0,C1: Global Investors
C1366,individual,George,Thompson,,m,usa,california,home,1,no,website,56.0,1,C2: First-Time Buyers
C1367,individual,Stephanie,Jordan,1953-01-11,f,germany,berlin,home,2,no,client,73.0,3,C4: Luxury Investors
C1368,individual,Jose,Gray,,m,usa,california,home,5,yes,client,56.0,0,C1: Global Investors
C1369,individual,Peter,Garcia,1983-10-07,m,france,brittany,home,4,yes,agency,43.0,2,C3: Corporate Buyers
C1370,individual,Frank,Evans,1965-06-04,m,usa,colorado,investment,1,no,agency,61.0,1,C2: First-Time Buyers
C1371,individual,Timothy,Thomas,,m,uk,england,home,2,yes,website,56.0,1,C2: First-Time Buyers
C1372,individual,Lisa,Turner,,f,usa,washington,investment,2,no,website,56.0,1,C2: First-Time Buyers
C1373,individual,Melissa,Evans,1992-10-11,f,usa,california,home,3,yes,website,34.0,2,C3: Corporate Buyers
C1374,company,Quasar,Co,,m,france,ile-de-france,home,3,yes,agency,56.0,0,C1: Global Investors
C1375,individual,Carolyn,Flores,,f,usa,california,investment,4,yes,agency,56.0,0,C1: Global Investors
C1376,individual,Carolyn,Edwards,,f,usa,arizona,investment,3,yes,agency,56.0,0,C1: Global Investors
C1377,individual,Laura,Long,1984-01-04,f,usa,utah,investment,2,no,website,42.0,2,C3: Corporate Buyers
C1378,individual,Maria,Morales,,f,usa,california,investment,1,no,website,56.0,1,C2: First-Time Buyers
C1379,individual,Kevin,Gray,1970-06-11,m,uk,scotland,home,2,no,website,56.0,1,C2: First-Time Buyers
C1380,individual,Michael,Hughes,,m,canada,alberta,investment,4,no,website,56.0,0,C1: Global Investors
C1381,individual,Eric,Cox,,m,germany,hesse,home,3,yes,website,56.0,0,C1: Global Investors
C1382,individual,Adam,James,,m,usa,oregon,home,2,no,website,56.0,1,C2: First-Time Buyers
C1383,individual,Noah,Moore,1992-11-11,m,usa,california,home,2,no,agency,34.0,2,C3: Corporate Buyers
C1384,individual,Mary,Young,1988-03-10,f,usa,california,home,2,yes,agency,38.0,2,C3: Corporate Buyers
C1385,individual,Kenneth,Owens,1946-06-01,m,usa,california,home,1,no,agency,80.0,3,C4: Luxury Investors
C1386,individual,Harold,Howard,,m,usa,washington,home,4,yes,website,56.0,0,C1: Global Investors
C1387,individual,Jose,Reed,,m,germany,hamburg,investment,4,no,website,56.0,0,C1: Global Investors
C1388,individual,Hannah,Stone,,f,usa,washington,home,3,no,website,56.0,0,C1: Global Investors
C1389,individual,Jordan,Montgomery,1952-07-03,m,uk,scotland,home,2,no,website,74.0,3,C4: Luxury Investors
C1390,individual,Lauren,Thomas,,f,usa,nevada,home,3,no,website,56.0,0,C1: Global Investors
C1391,individual,Barbara,Campbell,1974-03-06,f,usa,utah,home,1,no,website,52.0,1,C2: First-Time Buyers
C1392,individual,Jose,Johnson,1990-06-05,m,usa,colorado,home,4,yes,agency,36.0,2,C3: Corporate Buyers
C1393,individual,Virginia,Miller,1981-07-09,f,mexico,baja california,investment,1,no,agency,45.0,1,C2: First-Time Buyers
C1394,individual,Debra,Hansen,,f,usa,nevada,home,4,no,website,56.0,0,C1: Global Investors
C1395,individual,Megan,Campbell,,f,canada,alberta,investment,4,no,website,56.0,0,C1: Global Investors
C1396,individual,Steven,Foster,1971-06-02,m,canada,manitoba,investment,3,yes,website,55.0,0,C1: Global Investors
C1397,individual,Linda,Chavez,1983-03-10,f,usa,nevada,home,4,no,website,43.0,2,C3: Corporate Buyers
C1398,individual,Alexander,Jones,,m,usa,california,home,5,yes,website,56.0,0,C1: Global Investors
C1399,individual,Lauren,Evans,,f,canada,british columbia,home,5,no,agency,56.0,0,C1: Global Investors
C1400,individual,Maria,Jones,,f,uk,northern ireland,home,4,no,client,56.0,0,C1: Global Investors
C1401,individual,Virginia,Brooks,,f,usa,virginia,investment,1,no,website,56.0,1,C2: First-Time Buyers
C1402,individual,Helen,Jordan,,f,usa,utah,home,3,no,agency,56.0,0,C1: Global Investors
C1403,individual,Pamela,Scott,,f,usa,oregon,home,2,no,website,56.0,1,C2: First-Time Buyers
C1404,individual,Sharon,Williams,,f,usa,california,home,4,no,agency,56.0,0,C1: Global Investors
C1405,individual,Ryan,Williams,1955-06-08,m,usa,oregon,home,5,no,agency,71.0,3,C4: Luxury Investors
C1406,individual,Sara,Wood,1970-09-01,f,usa,california,home,3,no,website,56.0,0,C1: Global Investors
C1407,individual,Sharon,Hansen,,f,usa,california,home,1,no,agency,56.0,1,C2: First-Time Buyers
C1408,company,Grandis,Co,,f,usa,california,home,2,no,agency,56.0,1,C2: First-Time Buyers
C1409,individual,Katherine,Price,1957-08-01,f,usa,oregon,investment,2,no,website,69.0,3,C4: Luxury Investors
C1410,individual,Jennifer,Edwards,,f,usa,nevada,home,2,no,agency,56.0,1,C2: First-Time Buyers
C1411,individual,Anthony,Watson,1987-04-04,m,usa,california,home,2,no,client,39.0,2,C3: Corporate Buyers
C1412,company,Optima,Co,,f,usa,nevada,home,2,no,agency,56.0,1,C2: First-Time Buyers
C1413,individual,Margaret,Rogers,,f,usa,california,home,4,no,agency,56.0,0,C1: Global Investors
C1414,individual,Michelle,Wright,1975-05-01,f,usa,florida,home,4,no,website,51.0,0,C1: Global Investors
C1415,individual,Tyler,Murray,,m,usa,california,investment,1,no,website,56.0,1,C2: First-Time Buyers
C1416,individual,Bryan,Peterson,1954-07-01,m,usa,oregon,home,2,no,agency,72.0,3,C4: Luxury Investors
C1417,individual,Dennis,Williams,,m,uk,scotland,home,5,no,website,56.0,0,C1: Global Investors
C1418,individual,Kyle,Cox,1954-04-06,m,usa,ohio,investment,2,no,website,72.0,3,C4: Luxury Investors
C1419,individual,Jason,Peterson,1971-08-08,m,germany,hamburg,investment,4,yes,website,55.0,0,C1: Global Investors
C1420,company,Terova,Co,,m,uk,wales,home,5,no,website,56.0,0,C1: Global Investors
C1421,individual,James,Jones,,m,usa,colorado,home,1,no,website,56.0,1,C2: First-Time Buyers
C1422,individual,Billy,Hansen,,m,usa,florida,investment,1,yes,website,56.0,1,C2: First-Time Buyers
C1423,individual,Jack,Brooks,,m,uk,northern ireland,home,4,yes,website,56.0,0,C1: Global Investors
C1424,individual,Judy,Harris,1954-03-12,f,usa,utah,home,2,yes,agency,72.0,3,C4: Luxury Investors
C1425,individual,Raymond,Taylor,,m,belgium,flanders,home,3,no,website,56.0,0,C1: Global Investors
C1426,individual,Christina,Campbell,,f,usa,washington,home,2,no,website,56.0,1,C2: First-Time Buyers
C1427,individual,Julia,Richardson,1955-05-10,f,australia,victoria,home,5,no,website,71.0,0,C1: Global Investors
C1428,individual,Nicole,Allen,1953-12-05,f,usa,oregon,home,4,yes,agency,73.0,3,C4: Luxury Investors
C1429,individual,Jesse,Stewart,1991-10-01,m,usa,nevada,investment,5,no,agency,35.0,2,C3: Corporate Buyers
C1430,individual,Patrick,Allen,1963-09-11,m,usa,nevada,home,4,no,website,63.0,0,C1: Global Investors
C1431,individual,Melissa,Griffin,1943-07-01,f,germany,hesse,home,3,yes,website,83.0,3,C4: Luxury Investors
C1432,individual,Larry,Weaver,,m,usa,utah,home,3,no,agency,56.0,0,C1: Global Investors
C1433,individual,Christian,Mitchell,1953-04-12,m,germany,hamburg,home,4,no,website,73.0,3,C4: Luxury Investors
C1434,company,Terova,Co,,f,usa,california,investment,5,no,agency,56.0,0,C1: Global Investors
C1435,individual,Zachary,Morales,1967-04-08,m,usa,texas,investment,2,no,agency,59.0,1,C2: First-Time Buyers
C1436,individual,Kyle,Wright,1998-10-09,m,usa,california,home,2,no,website,28.0,2,C3: Corporate Buyers
C1437,individual,Gerald,Stewart,1997-04-08,m,usa,arizona,investment,5,no,agency,29.0,2,C3: Corporate Buyers
C1438,individual,Benjamin,Taylor,1988-08-04,m,usa,california,home,2,yes,agency,38.0,2,C3: Corporate Buyers
C1439,individual,Helen,Morales,,f,usa,virginia,home,2,no,agency,56.0,1,C2: First-Time Buyers
C1440,individual,Mary,Phillips,,f,usa,colorado,investment,2,no,agency,56.0,1,C2: First-Time Buyers
C1441,individual,Helen,Campbell,1945-09-08,f,usa,california,investment,5,no,website,81.0,3,C4: Luxury Investors
C1442,individual,Timothy,Foster,,m,usa,colorado,home,2,yes,client,56.0,1,C2: First-Time Buyers
C1443,individual,Betty,Hughes,,f,usa,florida,home,2,no,website,56.0,1,C2: First-Time Buyers
C1444,individual,Frank,Alexander,,m,usa,colorado,home,3,no,website,56.0,0,C1: Global Investors
C1445,individual,Gregory,Hall,,m,usa,florida,home,5,no,website,56.0,0,C1: Global Investors
C1446,individual,Amber,Gray,1951-12-09,f,usa,ohio,home,4,no,website,75.0,3,C4: Luxury Investors
C1447,individual,Janet,Rogers,,f,usa,nevada,investment,4,yes,client,56.0,0,C1: Global Investors
C1448,individual,Henry,Ward,,m,russia,tatarstan,home,1,no,website,56.0,1,C2: First-Time Buyers
C1449,individual,Nicole,Cox,,f,usa,california,investment,5,no,website,56.0,0,C1: Global Investors
C1450,individual,Pamela,White,1996-04-06,f,usa,virginia,home,5,no,website,30.0,2,C3: Corporate Buyers
C1451,individual,Hannah,Turner,,f,usa,california,home,1,no,website,56.0,1,C2: First-Time Buyers
C1452,individual,Kelly,Edwards,1993-08-05,f,belgium,wallonia,home,3,no,client,33.0,2,C3: Corporate Buyers
C1453,individual,Kenneth,Stone,1981-10-07,m,usa,california,home,2,no,agency,45.0,1,C2: First-Time Buyers
C1454,individual,Ann,Kim,,f,usa,california,investment,1,no,client,56.0,1,C2: First-Time Buyers
C1455,individual,Christina,Nelson,,f,usa,colorado,home,3,yes,agency,56.0,0,C1: Global Investors
C1456,company,Quasar,Co,,f,usa,oregon,investment,1,yes,website,56.0,1,C2: First-Time Buyers
C1457,individual,Julie,Foster,,f,usa,california,home,3,yes,agency,56.0,0,C1: Global Investors
C1458,individual,Keith,Reed,,m,usa,arizona,home,1,no,website,56.0,1,C2: First-Time Buyers
C1459,individual,Terry,Hall,,m,usa,arizona,home,5,no,website,56.0,0,C1: Global Investors
C1460,individual,Pamela,Long,1972-12-05,f,uk,england,home,1,yes,agency,54.0,1,C2: First-Time Buyers
C1461,individual,Gloria,Reyes,,f,usa,california,home,5,no,website,56.0,0,C1: Global Investors
C1462,individual,Virginia,Allen,,f,germany,hamburg,investment,3,no,agency,56.0,0,C1: Global Investors
C1463,individual,Lawrence,Ward,,m,usa,california,home,2,yes,website,56.0,1,C2: First-Time Buyers
C1464,individual,Terry,Weaver,,m,usa,arizona,home,1,no,website,56.0,1,C2: First-Time Buyers
C1465,individual,Edward,Stewart,1990-07-09,m,usa,ohio,home,3,yes,website,36.0,2,C3: Corporate Buyers
C1466,individual,Ashley,Howard,,f,belgium,flanders,investment,2,no,website,56.0,1,C2: First-Time Buyers
C1467,individual,Rebecca,Adams,,f,usa,california,home,5,no,client,56.0,0,C1: Global Investors
C1468,individual,Jason,Martin,,m,canada,manitoba,home,3,no,website,56.0,0,C1: Global Investors
C1469,individual,Keith,Richardson,,m,usa,colorado,home,1,no,website,56.0,1,C2: First-Time Buyers
C1470,individual,Alexander,Richardson,,m,usa,colorado,investment,3,yes,agency,56.0,0,C1: Global Investors
C1471,individual,Judith,Williams,,f,uk,northern ireland,home,1,yes,website,56.0,1,C2: First-Time Buyers
C1472,individual,Paul,Flores,,m,usa,washington,home,1,no,website,56.0,1,C2: First-Time Buyers
C1473,individual,Maria,Freeman,,f,usa,california,home,2,no,agency,56.0,1,C2: First-Time Buyers
C1474,individual,Kevin,Brown,1969-04-10,m,usa,oregon,home,3,no,website,57.0,0,C1: Global Investors
C1475,individual,Raymond,Brown,1944-08-02,m,mexico,jalisco,home,4,yes,agency,82.0,3,C4: Luxury Investors
C1476,individual,Kevin,Jackson,2000-06-08,m,usa,nevada,home,1,no,agency,26.0,2,C3: Corporate Buyers
C1477,company,Zynex,Co,1968-04-10,f,usa,california,investment,1,no,agency,58.0,1,C2: First-Time Buyers
C1478,individual,Emily,Reed,1958-09-12,f,canada,british columbia,investment,1,no,agency,68.0,1,C2: First-Time Buyers
C1479,individual,Paul,Carter,,m,usa,california,investment,1,no,website,56.0,1,C2: First-Time Buyers
C1480,individual,Danielle,White,1985-04-09,f,usa,virginia,investment,3,no,client,41.0,2,C3: Corporate Buyers
C1481,company,Caldera,Co,1984-12-04,f,usa,arizona,investment,3,no,website,42.0,2,C3: Corporate Buyers
C1482,individual,Kimberly,Murray,,f,usa,oregon,home,2,yes,website,56.0,1,C2: First-Time Buyers
C1483,individual,Gary,Hall,1975-06-01,m,usa,colorado,home,3,yes,agency,51.0,0,C1: Global Investors
C1484,individual,Christina,Nelson,1971-10-09,f,usa,colorado,home,3,no,client,55.0,0,C1: Global Investors
C1485,individual,Rachel,Scott,,f,usa,washington,investment,4,no,website,56.0,0,C1: Global Investors
C1486,individual,Madison,Campbell,,f,uk,wales,home,5,yes,website,56.0,0,C1: Global Investors
C1487,individual,Sandra,Martin,1965-12-10,f,usa,new york,home,3,no,agency,61.0,0,C1: Global Investors
C1488,individual,Keith,Scott,1975-09-07,m,usa,florida,investment,2,no,website,51.0,1,C2: First-Time Buyers
C1489,individual,Gloria,Montgomery,,f,usa,arizona,home,5,no,agency,56.0,0,C1: Global Investors
C1490,individual,Dennis,Hall,1994-11-06,m,uk,wales,investment,5,yes,client,32.0,2,C3: Corporate Buyers
C1491,individual,Rebecca,Evans,1997-07-10,f,usa,georgia,home,4,no,agency,29.0,2,C3: Corporate Buyers
C1492,individual,Mary,Taylor,,f,germany,bavaria,home,2,no,agency,56.0,1,C2: First-Time Buyers
C1493,individual,Thomas,Bennett,,m,usa,washington,home,4,yes,agency,56.0,0,C1: Global Investors
C1494,individual,Nicholas,Cooper,1996-04-09,m,usa,new york,home,1,no,client,30.0,2,C3: Corporate Buyers
C1495,individual,Jason,Hughes,1991-11-09,m,denmark,capital region,home,1,no,website,35.0,2,C3: Corporate Buyers
C1496,individual,Bryan,Patterson,,m,usa,florida,home,5,no,agency,56.0,0,C1: Global Investors
C1497,individual,Samuel,Parker,,m,usa,california,investment,4,no,agency,56.0,0,C1: Global Investors
C1498,individual,Nicole,Carter,1967-02-03,f,mexico,puebla,investment,5,no,website,59.0,0,C1: Global Investors
C1499,individual,Lauren,Gray,1997-11-04,f,russia,saint petersburg,home,3,yes,agency,29.0,2,C3: Corporate Buyers
C1500,individual,Shirley,Ward,1995-01-04,f,australia,victoria,home,2,no,agency,31.0,2,C3: Corporate Buyers
C1501,individual,Brenda,White,,f,usa,oregon,investment,4,no,agency,56.0,0,C1: Global Investors
C1502,individual,Elizabeth,Weaver,,f,uk,wales,home,5,yes,website,56.0,0,C1: Global Investors
C1503,company,Triton,Co,,m,usa,arizona,investment,5,no,website,56.0,0,C1: Global Investors
C1504,individual,Patrick,Hughes,,m,usa,california,home,4,no,website,56.0,0,C1: Global Investors
C1505,individual,William,Cook,,m,usa,virginia,home,3,no,agency,56.0,0,C1: Global Investors
C1506,individual,Larry,Price,1950-01-11,m,usa,utah,investment,3,no,website,76.0,3,C4: Luxury Investors
C1507,individual,Joyce,Cooper,,f,usa,florida,home,3,no,agency,56.0,0,C1: Global Investors
C1508,individual,Benjamin,Morris,1994-12-03,m,uk,scotland,home,3,no,agency,32.0,2,C3: Corporate Buyers
C1509,individual,Rebecca,Campbell,,f,usa,california,home,3,no,website,56.0,0,C1: Global Investors
C1510,company,Altira,Co,1962-12-01,m,usa,california,home,5,no,agency,64.0,0,C1: Global Investors
C1511,individual,Ann,Hansen,,f,france,provence,home,2,yes,website,56.0,1,C2: First-Time Buyers
C1512,individual,Anna,Young,,f,usa,nevada,home,4,yes,client,56.0,0,C1: Global Investors
C1513,individual,Danielle,Morales,1995-06-08,f,usa,florida,home,2,no,website,31.0,2,C3: Corporate Buyers
C1514,individual,Linda,Bryant,1986-12-08,f,usa,new york,home,4,no,website,40.0,2,C3: Corporate Buyers
C1515,individual,Angela,Williams,,f,usa,nevada,investment,5,no,website,56.0,0,C1: Global Investors
C1516,individual,Grace,Wood,,f,usa,texas,home,4,no,website,56.0,0,C1: Global Investors
C1517,individual,Benjamin,Chavez,,m,usa,california,investment,2,no,agency,56.0,1,C2: First-Time Buyers
C1518,individual,Teresa,Rogers,1994-10-08,f,australia,victoria,home,5,yes,agency,32.0,2,C3: Corporate Buyers
C1519,individual,Kyle,Freeman,,m,usa,california,home,1,no,agency,56.0,1,C2: First-Time Buyers
C1520,individual,Patrick,Griffin,1945-12-05,m,usa,utah,home,1,no,website,81.0,3,C4: Luxury Investors
C1521,individual,Bryan,Foster,,m,usa,nevada,home,4,no,agency,56.0,0,C1: Global Investors
C1522,individual,Debra,Mitchell,,f,usa,washington,home,5,no,website,56.0,0,C1: Global Investors
C1523,company,Horizon,Co,,m,australia,victoria,investment,3,no,website,56.0,0,C1: Global Investors
C1524,individual,Jordan,Wilson,,m,usa,virginia,home,2,no,client,56.0,1,C2: First-Time Buyers
C1525,individual,Timothy,Brown,,m,usa,california,home,1,no,agency,56.0,1,C2: First-Time Buyers
C1526,individual,Victoria,Howard,1956-08-05,f,usa,california,home,3,no,website,70.0,3,C4: Luxury Investors
C1527,individual,Martha,Thomas,,f,usa,california,home,1,no,agency,56.0,1,C2: First-Time Buyers
C1528,individual,Jennifer,Weaver,1997-09-02,f,germany,hamburg,home,1,yes,website,29.0,2,C3: Corporate Buyers
C1529,company,Helios,Co,,m,usa,california,home,4,no,website,56.0,0,C1: Global Investors
C1530,individual,Sarah,Wright,,f,usa,california,home,2,no,website,56.0,1,C2: First-Time Buyers
C1531,individual,Bryan,Cox,,m,france,brittany,investment,2,no,website,56.0,1,C2: First-Time Buyers
C1532,individual,Linda,Freeman,,f,usa,texas,home,3,yes,website,56.0,0,C1: Global Investors
C1533,individual,Anthony,Bryant,1988-10-05,m,canada,british columbia,home,4,no,agency,38.0,2,C3: Corporate Buyers
C1534,individual,Sandra,Pierce,1996-06-08,f,usa,california,home,4,yes,website,30.0,2,C3: Corporate Buyers
C1535,individual,Jeremy,Stone,1994-09-03,m,uk,england,investment,3,no,agency,32.0,2,C3: Corporate Buyers
C1536,individual,Sara,Baker,1982-06-05,f,usa,washington,home,3,no,website,44.0,2,C3: Corporate Buyers
C1537,individual,Lisa,Foster,1999-08-04,f,usa,arizona,home,5,no,website,27.0,2,C3: Corporate Buyers
C1538,individual,Jessica,Kim,1947-01-07,f,usa,california,investment,5,no,website,79.0,3,C4: Luxury Investors
C1539,individual,Terry,Brown,,m,usa,nevada,home,1,no,agency,56.0,1,C2: First-Time Buyers
C1540,individual,Roger,Cox,1957-12-02,m,usa,california,home,2,yes,client,69.0,3,C4: Luxury Investors
C1541,individual,Carl,Adams,,m,usa,california,home,2,no,website,56.0,1,C2: First-Time Buyers
C1542,individual,Gary,Cook,,m,usa,nevada,home,1,yes,website,56.0,1,C2: First-Time Buyers
C1543,individual,Virginia,Peterson,1955-11-10,f,usa,new york,investment,3,no,agency,71.0,3,C4: Luxury Investors
C1544,individual,Heather,Evans,,f,russia,tatarstan,home,3,no,website,56.0,0,C1: Global Investors
C1545,individual,Elizabeth,Price,,f,usa,california,investment,1,yes,website,56.0,1,C2: First-Time Buyers
C1546,individual,Sarah,Scott,1966-06-06,f,mexico,puebla,home,4,yes,agency,60.0,0,C1: Global Investors
C1547,individual,Margaret,Martin,1975-04-03,f,usa,florida,home,2,yes,agency,51.0,1,C2: First-Time Buyers
C1548,company,Telnox,Co,,m,usa,california,home,2,yes,website,56.0,1,C2: First-Time Buyers
C1549,individual,Gary,Reyes,,m,mexico,nuevo leon,home,4,no,client,56.0,0,C1: Global Investors
C1550,individual,Jason,Rogers,1998-10-01,m,usa,california,home,2,no,agency,28.0,2,C3: Corporate Buyers
C1551,individual,Aaron,Howard,,m,usa,california,home,2,no,agency,56.0,1,C2: First-Time Buyers
C1552,individual,Peter,Wilson,,m,usa,california,investment,2,yes,agency,56.0,1,C2: First-Time Buyers
C1553,company,Horizon,Co,,m,usa,utah,home,4,no,agency,56.0,0,C1: Global Investors
C1554,individual,Gregory,Cox,1998-03-04,m,germany,bavaria,home,1,no,website,28.0,2,C3: Corporate Buyers
C1555,individual,Julia,Martin,,f,uk,england,home,5,no,website,56.0,0,C1: Global Investors
C1556,individual,Grace,Wood,,f,usa,colorado,investment,2,no,agency,56.0,1,C2: First-Time Buyers
C1557,individual,Joan,Griffin,,f,usa,new york,home,2,yes,website,56.0,1,C2: First-Time Buyers
C1558,individual,Tyler,Phillips,1944-03-12,m,mexico,baja california,home,4,no,website,82.0,3,C4: Luxury Investors
C1559,individual,Sara,Mitchell,,f,uk,england,home,2,no,website,56.0,1,C2: First-Time Buyers
C1560,individual,Christina,Hughes,,f,usa,california,home,4,yes,client,56.0,0,C1: Global Investors
C1561,individual,Jeffrey,Green,,m,mexico,nuevo leon,investment,5,no,agency,56.0,0,C1: Global Investors
C1562,individual,Maria,Morris,1987-07-05,f,usa,california,home,4,no,client,39.0,2,C3: Corporate Buyers
C1563,individual,Susan,Baker,,f,usa,utah,home,5,no,website,56.0,0,C1: Global Investors
C1564,individual,Jason,Wood,1964-11-06,m,usa,washington,investment,5,no,website,62.0,0,C1: Global Investors
C1565,individual,Kenneth,Bennett,1980-08-08,m,mexico,jalisco,home,4,no,agency,46.0,0,C1: Global Investors
C1566,individual,Anthony,Wilson,1995-01-01,m,usa,california,home,3,no,website,31.0,2,C3: Corporate Buyers
C1567,individual,Frank,Wilson,1977-10-11,m,usa,georgia,home,4,no,client,49.0,0,C1: Global Investors
C1568,individual,Betty,Owens,1990-03-06,f,usa,california,home,5,no,website,36.0,2,C3: Corporate Buyers
C1569,individual,Pamela,Turner,1993-11-05,f,usa,california,investment,1,yes,website,33.0,2,C3: Corporate Buyers
C1570,individual,Amanda,Williams,,f,usa,ohio,home,5,no,website,56.0,0,C1: Global Investors
C1571,individual,Ethan,Morales,1978-06-03,m,usa,california,home,2,no,website,48.0,1,C2: First-Time Buyers
C1572,individual,Donald,Baker,1960-06-10,m,australia,queensland,home,3,no,agency,66.0,3,C4: Luxury Investors
C1573,individual,Amanda,Richardson,1946-05-07,f,usa,california,home,1,no,website,80.0,3,C4: Luxury Investors
C1574,individual,Gary,Morris,,m,usa,california,home,4,no,website,56.0,0,C1: Global Investors
C1575,individual,Paul,Freeman,,m,usa,california,home,2,no,website,56.0,1,C2: First-Time Buyers
C1576,individual,Heather,Cook,,f,usa,nevada,investment,3,yes,website,56.0,0,C1: Global Investors
C1577,individual,Ethan,Edwards,,m,germany,bavaria,home,3,no,website,56.0,0,C1: Global Investors
C1578,individual,Mark,Turner,1996-03-12,m,usa,california,investment,2,no,website,30.0,2,C3: Corporate Buyers
C1579,individual,Robert,Bell,1945-10-03,m,usa,arizona,investment,4,no,website,81.0,3,C4: Luxury Investors
C1580,individual,Jordan,Martin,1997-12-05,m,usa,georgia,investment,1,yes,website,29.0,2,C3: Corporate Buyers
C1581,individual,James,Reyes,1950-11-08,m,usa,california,investment,1,no,website,76.0,3,C4: Luxury Investors
C1582,individual,Harold,Baker,,m,france,ile-de-france,home,4,yes,client,56.0,0,C1: Global Investors
C1583,individual,Peter,Scott,1968-01-03,m,usa,california,home,2,no,agency,58.0,1,C2: First-Time Buyers
C1584,company,Nexus,Co,1985-08-12,m,france,brittany,investment,1,yes,website,41.0,1,C2: First-Time Buyers
C1585,individual,Kevin,Watson,1960-10-10,m,canada,ontario,home,5,no,website,66.0,0,C1: Global Investors
C1586,individual,Carolyn,Roberts,,f,germany,berlin,home,3,no,website,56.0,0,C1: Global Investors
C1587,individual,Carl,Cooper,1943-12-02,m,canada,quebec,investment,4,yes,agency,83.0,3,C4: Luxury Investors
C1588,individual,Patricia,Thomas,,f,usa,utah,investment,5,no,website,56.0,0,C1: Global Investors
C1589,individual,Christina,Ward,1953-08-12,f,usa,california,investment,4,no,agency,73.0,3,C4: Luxury Investors
C1590,company,Elara,Co,,f,usa,oregon,home,1,no,website,56.0,1,C2: First-Time Buyers
C1591,individual,Christine,Brooks,,f,usa,california,investment,4,no,website,56.0,0,C1: Global Investors
C1592,individual,Heather,Allen,1975-06-01,f,usa,texas,investment,2,yes,agency,51.0,1,C2: First-Time Buyers
C1593,individual,Anthony,Williams,1975-08-05,m,usa,california,home,1,no,website,51.0,1,C2: First-Time Buyers
C1594,individual,Kathleen,Green,,f,usa,colorado,home,2,no,agency,56.0,1,C2: First-Time Buyers
C1595,individual,Charles,Reed,,m,usa,california,home,5,no,website,56.0,0,C1: Global Investors
C1596,individual,Frank,Hall,1979-11-10,m,germany,berlin,investment,4,no,website,47.0,0,C1: Global Investors
C1597,individual,Rachel,Cox,,f,usa,nevada,investment,4,yes,website,56.0,0,C1: Global Investors
C1598,individual,Angela,Adams,,f,usa,georgia,home,4,yes,agency,56.0,0,C1: Global Investors
C1599,individual,Stephanie,Thompson,,f,usa,virginia,investment,5,yes,website,56.0,0,C1: Global Investors
C1600,individual,Jennifer,Rogers,,f,belgium,wallonia,home,5,no,website,56.0,0,C1: Global Investors
C1601,individual,Tiffany,Parker,,f,russia,krasnodar krai,home,3,no,website,56.0,0,C1: Global Investors
C1602,individual,Harold,Turner,1986-11-01,m,usa,nevada,investment,4,no,website,40.0,2,C3: Corporate Buyers
C1603,individual,Hannah,Rogers,1962-09-07,f,uk,england,home,5,no,website,64.0,0,C1: Global Investors
C1604,individual,Ronald,Kim,1949-09-10,m,usa,texas,home,4,no,website,77.0,3,C4: Luxury Investors
C1605,individual,Joshua,Collins,,m,uk,england,investment,4,yes,website,56.0,0,C1: Global Investors
C1606,individual,Zachary,Howard,,m,usa,washington,home,1,yes,agency,56.0,1,C2: First-Time Buyers
C1607,individual,Emma,Hall,1963-03-11,f,usa,california,home,3,no,agency,63.0,0,C1: Global Investors
C1608,individual,Heather,Pierce,,f,uk,england,home,4,yes,website,56.0,0,C1: Global Investors
C1609,individual,Justin,Reed,1964-10-02,m,usa,california,investment,2,no,website,62.0,1,C2: First-Time Buyers
C1610,individual,Kenneth,White,,m,usa,california,investment,3,no,website,56.0,0,C1: Global Investors
C1611,individual,Sarah,Bryant,1975-09-02,f,usa,nevada,investment,4,no,website,51.0,0,C1: Global Investors
C1612,individual,Jason,Price,,m,usa,california,home,1,no,agency,56.0,1,C2: First-Time Buyers
C1613,individual,Ryan,Griffin,1998-01-08,m,denmark,southern denmark,home,2,yes,agency,28.0,2,C3: Corporate Buyers
C1614,individual,Julie,Williams,,f,usa,utah,investment,4,no,website,56.0,0,C1: Global Investors
C1615,individual,Jason,Mitchell,1963-08-01,m,usa,utah,home,5,no,agency,63.0,0,C1: Global Investors
C1616,individual,Aaron,Nelson,1991-09-01,m,uk,wales,investment,5,yes,website,35.0,2,C3: Corporate Buyers
C1617,individual,Michelle,Baker,1952-10-09,f,usa,california,home,3,no,website,74.0,3,C4: Luxury Investors
C1618,individual,Linda,Price,,f,usa,washington,home,2,yes,website,56.0,1,C2: First-Time Buyers
C1619,individual,Jason,Baker,,m,belgium,wallonia,home,2,no,website,56.0,1,C2: First-Time Buyers
C1620,individual,Jacob,Morales,1944-05-07,m,usa,california,home,1,yes,website,82.0,3,C4: Luxury Investors
C1621,individual,Carl,Wood,,m,usa,oregon,investment,2,no,agency,56.0,1,C2: First-Time Buyers
C1622,individual,Angela,Taylor,1961-02-01,f,usa,oregon,home,1,yes,website,65.0,1,C2: First-Time Buyers
C1623,individual,Julia,Hall,1994-01-12,f,usa,oregon,home,4,no,website,32.0,2,C3: Corporate Buyers
C1624,individual,Jennifer,Stewart,1951-01-04,f,usa,california,home,4,yes,website,75.0,3,C4: Luxury Investors
C1625,individual,Harold,Wright,2000-02-03,m,australia,western australia,home,4,no,agency,26.0,2,C3: Corporate Buyers
C1626,individual,Jennifer,Morales,,f,france,provence,home,2,yes,website,56.0,1,C2: First-Time Buyers
C1627,individual,David,Bryant,,m,usa,california,investment,1,no,website,56.0,1,C2: First-Time Buyers
C1628,company,Lumina,Co,,f,france,normandy,home,4,yes,website,56.0,0,C1: Global Investors
C1629,individual,Stephanie,Roberts,,f,usa,utah,home,5,no,agency,56.0,0,C1: Global Investors
C1630,company,Grandis,Co,1994-05-06,f,usa,virginia,investment,1,yes,website,32.0,2,C3: Corporate Buyers
C1631,individual,Joan,Patterson,1966-03-12,f,uk,northern ireland,home,5,no,website,60.0,0,C1: Global Investors
C1632,individual,Victoria,Wright,1963-07-12,f,usa,california,investment,3,yes,agency,63.0,0,C1: Global Investors
C1633,individual,Sara,Bennett,1977-07-03,f,canada,ontario,home,2,no,website,49.0,1,C2: First-Time Buyers
C1634,individual,Sara,King,1944-01-11,f,usa,georgia,investment,2,no,website,82.0,3,C4: Luxury Investors
C1635,individual,Lawrence,Moore,,m,france,brittany,home,1,no,website,56.0,1,C2: First-Time Buyers
C1636,company,Zynex,Co,1987-01-10,f,usa,arizona,home,5,yes,website,39.0,2,C3: Corporate Buyers
C1637,individual,Jacob,Cook,1969-02-11,m,mexico,nuevo leon,home,5,no,agency,57.0,0,C1: Global Investors
C1638,individual,Cynthia,Peterson,,f,france,occitanie,investment,1,yes,agency,56.0,1,C2: First-Time Buyers
C1639,individual,Ronald,Smith,,m,usa,colorado,home,1,no,website,56.0,1,C2: First-Time Buyers
C1640,individual,Helen,Adams,1966-11-04,f,usa,california,home,1,yes,website,60.0,1,C2: First-Time Buyers
C1641,individual,Charles,Phillips,,m,usa,utah,home,1,no,agency,56.0,1,C2: First-Time Buyers
C1642,individual,Maria,Adams,,f,canada,british columbia,home,5,no,website,56.0,0,C1: Global Investors
C1643,individual,Carl,Rogers,1978-01-09,m,france,ile-de-france,home,4,no,agency,48.0,0,C1: Global Investors
C1644,individual,Megan,Freeman,,f,usa,california,home,1,no,client,56.0,1,C2: First-Time Buyers
C1645,individual,Shirley,Chavez,1995-02-08,f,australia,new south wales,investment,1,no,website,31.0,2,C3: Corporate Buyers
C1646,individual,Billy,Patterson,1998-06-10,m,usa,washington,investment,4,yes,agency,28.0,2,C3: Corporate Buyers
C1647,individual,Paul,Stone,,m,usa,ohio,home,4,yes,agency,56.0,0,C1: Global Investors
C1648,individual,Julia,Wood,,f,australia,new south wales,home,3,no,website,56.0,0,C1: Global Investors
C1649,individual,Melissa,Price,1982-03-02,f,usa,oregon,home,4,yes,agency,44.0,2,C3: Corporate Buyers
C1650,individual,Edward,Griffin,1969-04-01,m,usa,washington,investment,2,no,website,57.0,1,C2: First-Time Buyers
C1651,individual,Ryan,Bell,,m,usa,california,investment,4,no,website,56.0,0,C1: Global Investors
C1652,individual,Paul,Weaver,,m,usa,nevada,investment,4,yes,client,56.0,0,C1: Global Investors
C1653,individual,Sara,White,1974-08-02,f,usa,colorado,investment,4,yes,website,52.0,0,C1: Global Investors
C1654,individual,Judith,Brooks,1968-04-05,f,usa,california,home,1,no,website,58.0,1,C2: First-Time Buyers
C1655,individual,Sara,Cox,,f,usa,texas,investment,2,no,website,56.0,1,C2: First-Time Buyers
C1656,individual,Jacob,Baker,1991-05-05,m,belgium,wallonia,investment,4,yes,website,35.0,2,C3: Corporate Buyers
C1657,individual,Donald,Kim,,m,usa,california,home,2,no,website,56.0,1,C2: First-Time Buyers
C1658,individual,Ronald,Patterson,1970-08-07,m,usa,california,home,5,no,agency,56.0,0,C1: Global Investors
C1659,individual,Joshua,Thompson,1946-09-05,m,denmark,zealand,home,4,no,website,80.0,3,C4: Luxury Investors
C1660,individual,Henry,Richardson,,m,usa,nevada,home,4,yes,website,56.0,0,C1: Global Investors
C1661,individual,Ronald,Cox,,m,usa,washington,home,4,no,agency,56.0,0,C1: Global Investors
C1662,individual,Gary,Montgomery,,m,russia,tatarstan,home,4,no,website,56.0,0,C1: Global Investors
C1663,individual,Joshua,Garcia,,m,usa,colorado,investment,3,no,agency,56.0,0,C1: Global Investors
C1664,individual,Judith,Hayes,,f,france,occitanie,investment,5,no,agency,56.0,0,C1: Global Investors
C1665,individual,Harold,Bell,,m,usa,arizona,home,5,no,website,56.0,0,C1: Global Investors
C1666,individual,Brenda,Edwards,1962-09-08,f,usa,ohio,home,2,no,website,64.0,1,C2: First-Time Buyers
C1667,individual,Stephanie,Cook,,f,usa,california,investment,4,no,agency,56.0,0,C1: Global Investors
C1668,individual,Scott,Green,1957-11-12,m,australia,victoria,home,5,no,website,69.0,0,C1: Global Investors
C1669,individual,Steven,Collins,1960-04-07,m,canada,alberta,investment,3,yes,agency,66.0,3,C4: Luxury Investors
C1670,individual,Angela,Watson,1970-12-09,f,usa,colorado,home,3,yes,website,56.0,0,C1: Global Investors
C1671,individual,Ashley,Howard,,f,usa,california,home,3,no,agency,56.0,0,C1: Global Investors
C1672,individual,Jacqueline,Morales,1974-04-09,f,usa,nevada,investment,4,no,website,52.0,0,C1: Global Investors
C1673,individual,Katherine,Martin,1992-03-04,f,usa,washington,home,1,yes,website,34.0,2,C3: Corporate Buyers
C1674,individual,Emily,Jackson,,f,usa,california,home,5,yes,website,56.0,0,C1: Global Investors
C1675,individual,Emma,Reyes,1985-04-08,f,canada,alberta,investment,5,no,website,41.0,2,C3: Corporate Buyers
C1676,individual,Amy,Allen,,f,usa,washington,home,2,no,website,56.0,1,C2: First-Time Buyers
C1677,individual,Kevin,Thomas,,m,usa,texas,home,1,yes,website,56.0,1,C2: First-Time Buyers
C1678,individual,Gary,Sanders,1961-03-06,m,usa,california,home,1,yes,agency,65.0,1,C2: First-Time Buyers
C1679,individual,Christina,Nelson,,f,usa,nevada,investment,4,no,website,56.0,0,C1: Global Investors
C1680,individual,Danielle,Howard,,f,usa,california,investment,4,no,agency,56.0,0,C1: Global Investors
C1681,individual,Carl,Alexander,,m,usa,oregon,home,3,yes,client,56.0,0,C1: Global Investors
C1682,individual,Amanda,Brooks,1987-04-11,f,usa,nevada,home,2,no,website,39.0,2,C3: Corporate Buyers
C1683,individual,Amber,Patterson,,f,usa,oregon,investment,1,no,client,56.0,1,C2: First-Time Buyers
C1684,individual,Grace,Cooper,1977-07-01,f,usa,colorado,investment,4,no,website,49.0,0,C1: Global Investors
C1685,individual,Kathleen,Parker,,f,usa,california,home,5,no,agency,56.0,0,C1: Global Investors
C1686,individual,David,Howard,,m,usa,california,investment,2,yes,agency,56.0,1,C2: First-Time Buyers
C1687,individual,Eric,Anderson,,m,usa,california,home,4,yes,website,56.0,0,C1: Global Investors
C1688,individual,Amanda,Flores,,f,usa,oregon,home,5,no,client,56.0,0,C1: Global Investors
C1689,individual,Virginia,King,,f,usa,oregon,investment,1,yes,client,56.0,1,C2: First-Time Buyers
C1690,individual,Terry,Martin,,m,denmark,north denmark,home,2,yes,agency,56.0,1,C2: First-Time Buyers
C1691,individual,Robert,Reed,,m,usa,arizona,home,5,no,website,56.0,0,C1: Global Investors
C1692,individual,Joseph,Patterson,1991-03-08,m,canada,ontario,home,5,yes,agency,35.0,2,C3: Corporate Buyers
C1693,individual,Donald,Turner,,m,belgium,flanders,home,1,no,website,56.0,1,C2: First-Time Buyers
C1694,individual,Gloria,Foster,,f,usa,virginia,home,5,no,agency,56.0,0,C1: Global Investors
C1695,individual,Tiffany,Peterson,,f,belgium,flanders,home,5,no,website,56.0,0,C1: Global Investors
C1696,individual,Emily,Jones,,f,usa,florida,home,1,no,website,56.0,1,C2: First-Time Buyers
C1697,individual,Maria,Brown,1980-08-07,f,belgium,brussels,home,2,no,client,46.0,1,C2: First-Time Buyers
C1698,individual,Zachary,Stone,1950-12-05,m,uk,northern ireland,home,4,yes,website,76.0,3,C4: Luxury Investors
C1699,individual,Peter,Phillips,,m,australia,western australia,home,3,yes,agency,56.0,0,C1: Global Investors
C1700,individual,Nicholas,Young,1943-11-04,m,usa,nevada,home,3,no,website,83.0,3,C4: Luxury Investors
C1701,individual,Karen,Montgomery,,f,usa,arizona,home,1,no,website,56.0,1,C2: First-Time Buyers
C1702,individual,Frank,Alexander,1990-01-04,m,usa,washington,investment,5,yes,website,36.0,2,C3: Corporate Buyers
C1703,individual,Gerald,Cox,,m,usa,texas,investment,4,no,agency,56.0,0,C1: Global Investors
C1704,individual,Susan,Flores,,f,denmark,capital region,home,4,no,agency,56.0,0,C1: Global Investors
C1705,individual,Kenneth,Howard,,m,usa,virginia,investment,3,yes,website,56.0,0,C1: Global Investors
C1706,individual,Matthew,Jordan,,m,usa,california,home,3,yes,website,56.0,0,C1: Global Investors
C1707,individual,Adam,Allen,,m,usa,georgia,home,1,yes,website,56.0,1,C2: First-Time Buyers
C1708,individual,Andrea,Wilson,1986-08-06,f,germany,hesse,home,1,yes,agency,40.0,1,C2: First-Time Buyers
C1709,individual,Danielle,Cox,1946-08-09,f,usa,arizona,investment,3,no,agency,80.0,3,C4: Luxury Investors
C1710,individual,Joe,Flores,,m,canada,alberta,investment,2,yes,website,56.0,1,C2: First-Time Buyers
C1711,individual,Debra,Hayes,,f,usa,california,investment,3,yes,website,56.0,0,C1: Global Investors
C1712,individual,Ryan,Turner,1971-03-04,m,france,occitanie,home,5,no,website,55.0,0,C1: Global Investors
C1713,individual,Julia,Cook,1981-02-08,f,usa,oregon,home,1,no,website,45.0,1,C2: First-Time Buyers
C1714,individual,Nathan,Brooks,1948-07-05,m,usa,colorado,home,3,no,website,78.0,3,C4: Luxury Investors
C1715,individual,Hannah,Watson,,f,usa,florida,home,3,yes,agency,56.0,0,C1: Global Investors
C1716,individual,Michelle,Montgomery,,f,usa,california,home,1,no,website,56.0,1,C2: First-Time Buyers
C1717,individual,Martha,Thomas,,f,usa,california,home,4,yes,website,56.0,0,C1: Global Investors
C1718,individual,Janet,Peterson,1995-01-06,f,usa,california,home,1,no,website,31.0,2,C3: Corporate Buyers
C1719,company,Halcyon,Co,1960-05-10,m,usa,florida,home,2,no,agency,66.0,1,C2: First-Time Buyers
C1720,individual,Danielle,Kim,1996-10-10,f,usa,california,home,5,yes,website,30.0,2,C3: Corporate Buyers
C1721,individual,Carl,Weaver,1986-12-10,m,usa,nevada,home,2,no,agency,40.0,2,C3: Corporate Buyers
C1722,individual,Jacqueline,Morris,,f,usa,nevada,home,3,no,website,56.0,0,C1: Global Investors
C1723,individual,Carol,Allen,1998-02-02,f,canada,quebec,home,2,yes,agency,28.0,2,C3: Corporate Buyers
C1724,individual,Justin,Cook,,m,usa,virginia,home,4,no,website,56.0,0,C1: Global Investors
C1725,individual,Sharon,Patterson,1959-01-12,f,usa,nevada,home,3,yes,website,67.0,3,C4: Luxury Investors
C1726,individual,Diane,Scott,,f,uk,northern ireland,home,3,no,website,56.0,0,C1: Global Investors
C1727,individual,Katherine,Morales,1945-12-06,f,usa,new york,home,3,no,website,81.0,3,C4: Luxury Investors
C1728,individual,Kimberly,Garcia,1944-03-08,f,usa,oregon,home,3,yes,client,82.0,3,C4: Luxury Investors
C1729,individual,Robert,Richardson,,m,canada,british columbia,home,3,yes,website,56.0,0,C1: Global Investors
C1730,individual,Jeffrey,Young,,m,mexico,puebla,investment,5,yes,agency,56.0,0,C1: Global Investors
C1731,individual,Nathan,Garcia,,m,usa,california,home,4,yes,website,56.0,0,C1: Global Investors
C1732,individual,Megan,Wilson,,f,canada,alberta,investment,2,no,agency,56.0,1,C2: First-Time Buyers
C1733,individual,Helen,Jones,,f,usa,california,home,3,yes,agency,56.0,0,C1: Global Investors
C1734,individual,Zachary,Roberts,,m,usa,california,home,5,no,website,56.0,0,C1: Global Investors
C1735,individual,Amber,Miller,1969-10-07,f,usa,utah,investment,3,no,website,57.0,0,C1: Global Investors
C1736,individual,Ann,Cook,,f,usa,california,investment,4,yes,website,56.0,0,C1: Global Investors
C1737,individual,Jennifer,Jackson,,f,usa,california,investment,3,no,website,56.0,0,C1: Global Investors
C1738,individual,Sharon,Hall,,f,usa,california,home,5,no,website,56.0,0,C1: Global Investors
C1739,individual,Steven,Smith,,m,russia,novosibirsk,investment,3,yes,website,56.0,0,C1: Global Investors
C1740,individual,Ashley,Alexander,,f,usa,california,home,5,yes,website,56.0,0,C1: Global Investors
C1741,individual,Alexander,Wright,,m,usa,virginia,home,5,no,website,56.0,0,C1: Global Investors
C1742,company,Crestwood,Co,,f,usa,california,home,5,no,agency,56.0,0,C1: Global Investors
C1743,individual,Linda,Bell,,f,belgium,flanders,home,1,no,client,56.0,1,C2: First-Time Buyers
C1744,individual,Brian,Green,,m,russia,krasnodar krai,investment,1,no,website,56.0,1,C2: First-Time Buyers
C1745,individual,Ann,Sanders,,f,usa,california,home,1,no,website,56.0,1,C2: First-Time Buyers
C1746,individual,Jennifer,Cox,,f,belgium,flanders,home,3,no,website,56.0,0,C1: Global Investors
C1747,individual,Bryan,Flores,,m,usa,colorado,home,5,no,client,56.0,0,C1: Global Investors
C1748,individual,Albert,Jones,1950-11-11,m,usa,california,home,4,yes,website,76.0,3,C4: Luxury Investors
C1749,individual,Brandon,Moore,,m,usa,california,home,3,no,website,56.0,0,C1: Global Investors
C1750,company,Stratos,Co,1991-01-12,m,usa,colorado,home,3,no,website,35.0,2,C3: Corporate Buyers
C1751,individual,Christine,Scott,,f,usa,ohio,home,5,no,website,56.0,0,C1: Global Investors
C1752,individual,Jonathan,Cook,1980-02-06,m,usa,california,investment,1,yes,website,46.0,1,C2: First-Time Buyers
C1753,individual,Arthur,Peterson,,m,usa,georgia,investment,3,yes,website,56.0,0,C1: Global Investors
C1754,individual,Frank,Gray,1995-11-11,m,usa,virginia,home,2,yes,website,31.0,2,C3: Corporate Buyers
C1755,individual,Mark,Griffin,,m,usa,nevada,home,1,yes,website,56.0,1,C2: First-Time Buyers
C1756,individual,Daniel,Cook,,m,usa,utah,home,1,no,website,56.0,1,C2: First-Time Buyers
C1757,individual,Brian,Hayes,1985-07-01,m,germany,bavaria,home,3,no,client,41.0,2,C3: Corporate Buyers
C1758,individual,Carl,Pierce,,m,usa,oregon,investment,4,yes,agency,56.0,0,C1: Global Investors
C1759,individual,Jose,Stone,1974-10-10,m,usa,california,investment,1,no,website,52.0,1,C2: First-Time Buyers
C1760,individual,Mary,Harris,1975-10-07,f,belgium,brussels,home,2,no,website,51.0,1,C2: First-Time Buyers
C1761,individual,Nicholas,Thompson,1955-01-08,m,usa,washington,home,1,no,website,71.0,1,C2: First-Time Buyers
C1762,individual,Larry,Harris,,m,usa,virginia,home,1,no,website,56.0,1,C2: First-Time Buyers
C1763,individual,Kimberly,Young,,f,usa,new york,home,3,no,website,56.0,0,C1: Global Investors
C1764,individual,Kelly,Baker,1946-11-05,f,usa,nevada,home,2,no,agency,80.0,3,C4: Luxury Investors
C1765,individual,Pamela,Reyes,1997-05-01,f,usa,colorado,home,1,yes,client,29.0,2,C3: Corporate Buyers
C1766,individual,Sharon,Bennett,1993-05-05,f,usa,california,home,4,no,website,33.0,2,C3: Corporate Buyers
C1767,individual,Joe,Sanders,,m,usa,colorado,home,3,no,website,56.0,0,C1: Global Investors
C1768,individual,Cynthia,Hughes,1943-03-01,f,russia,saint petersburg,home,4,no,website,83.0,3,C4: Luxury Investors
C1769,company,Forsyte,Co,,m,usa,oregon,home,1,yes,client,56.0,1,C2: First-Time Buyers
C1770,individual,Betty,Parker,,f,usa,washington,home,1,yes,agency,56.0,1,C2: First-Time Buyers
C1771,company,Atlas,Co,,m,usa,georgia,home,3,yes,client,56.0,0,C1: Global Investors
C1772,company,Forsyte,Co,,f,canada,alberta,investment,5,yes,agency,56.0,0,C1: Global Investors
C1773,individual,Kenneth,Williams,,m,usa,nevada,investment,3,yes,agency,56.0,0,C1: Global Investors
C1774,individual,Frank,James,,m,usa,oregon,home,4,no,agency,56.0,0,C1: Global Investors
C1775,individual,Betty,Howard,1970-10-07,f,usa,california,home,3,no,agency,56.0,0,C1: Global Investors
C1776,individual,Martha,Mitchell,1973-09-01,f,france,occitanie,home,1,no,website,53.0,1,C2: First-Time Buyers
C1777,individual,Jason,Long,,m,usa,california,investment,5,no,client,56.0,0,C1: Global Investors
C1778,individual,Jeffrey,Cox,1994-01-09,m,usa,georgia,investment,4,yes,website,32.0,2,C3: Corporate Buyers
C1779,individual,Sharon,Thomas,,f,usa,california,home,5,no,client,56.0,0,C1: Global Investors
C1780,individual,Richard,Patterson,,m,usa,utah,investment,1,no,website,56.0,1,C2: First-Time Buyers
C1781,individual,Betty,Thomas,1968-10-08,f,usa,california,home,4,no,website,58.0,0,C1: Global Investors
C1782,individual,Ann,King,1999-12-04,f,uk,england,investment,1,no,website,27.0,2,C3: Corporate Buyers
C1783,individual,Jacob,Garcia,1954-03-07,m,usa,california,home,3,no,website,72.0,3,C4: Luxury Investors
C1784,individual,Albert,Moore,,m,australia,western australia,home,3,no,client,56.0,0,C1: Global Investors
C1785,individual,Lauren,Allen,,f,usa,colorado,home,1,yes,website,56.0,1,C2: First-Time Buyers
C1786,individual,Adam,White,1995-03-07,m,usa,california,home,1,no,website,31.0,2,C3: Corporate Buyers
C1787,individual,Stephen,Flores,,m,usa,georgia,investment,5,no,agency,56.0,0,C1: Global Investors
C1788,individual,Zachary,James,,m,usa,california,home,3,no,website,56.0,0,C1: Global Investors
C1789,individual,Edward,Brooks,,m,usa,colorado,home,5,yes,agency,56.0,0,C1: Global Investors
C1790,individual,Jacob,Hansen,,m,usa,nevada,investment,5,no,client,56.0,0,C1: Global Investors
C1791,individual,Gerald,Scott,,m,usa,california,home,5,no,agency,56.0,0,C1: Global Investors
C1792,individual,Terry,Pierce,,m,usa,california,home,3,no,agency,56.0,0,C1: Global Investors
C1793,individual,Richard,James,1969-04-05,m,usa,utah,investment,1,no,website,57.0,1,C2: First-Time Buyers
C1794,individual,Douglas,Chavez,,m,usa,colorado,home,3,no,website,56.0,0,C1: Global Investors
C1795,individual,William,Brown,1945-12-01,m,usa,california,home,5,yes,website,81.0,3,C4: Luxury Investors
C1796,individual,Betty,Hughes,,f,usa,california,investment,5,yes,client,56.0,0,C1: Global Investors
C1797,individual,Katherine,Howard,,f,usa,oregon,home,3,yes,website,56.0,0,C1: Global Investors
C1798,individual,Bryan,Peterson,1966-08-10,m,usa,arizona,investment,1,yes,website,60.0,1,C2: First-Time Buyers
C1799,individual,Cheryl,Freeman,1950-01-11,f,usa,colorado,home,5,no,agency,76.0,3,C4: Luxury Investors
C1800,individual,James,Campbell,,m,usa,oregon,home,1,no,client,56.0,1,C2: First-Time Buyers
C1801,individual,Jose,Howard,1964-02-08,m,usa,california,home,5,yes,website,62.0,0,C1: Global Investors
C1802,individual,Jack,Morris,,m,usa,nevada,investment,1,no,client,56.0,1,C2: First-Time Buyers
C1803,individual,Susan,Bennett,,f,canada,quebec,investment,5,no,agency,56.0,0,C1: Global Investors
C1804,individual,Albert,Kim,1989-03-03,m,usa,california,home,1,no,website,37.0,2,C3: Corporate Buyers
C1805,individual,Austin,Kim,1953-01-09,m,uk,northern ireland,investment,3,no,website,73.0,3,C4: Luxury Investors
C1806,individual,Martha,Turner,,f,australia,new south wales,investment,2,no,agency,56.0,1,C2: First-Time Buyers
C1807,individual,Angela,Allen,1957-02-05,f,france,brittany,home,5,no,website,69.0,0,C1: Global Investors
C1808,individual,Victoria,Stewart,1990-01-08,f,usa,washington,investment,2,no,client,36.0,2,C3: Corporate Buyers
C1809,individual,Laura,White,1981-05-03,f,usa,new york,home,4,yes,agency,45.0,0,C1: Global Investors
C1810,individual,Maria,Collins,1945-01-06,f,usa,texas,home,3,no,agency,81.0,3,C4: Luxury Investors
C1811,individual,Stephanie,Williams,,f,usa,california,home,3,yes,agency,56.0,0,C1: Global Investors
C1812,individual,Ryan,White,,m,france,provence,home,5,yes,website,56.0,0,C1: Global Investors
C1813,individual,Walter,Jordan,1947-12-02,m,germany,hamburg,investment,3,yes,website,79.0,3,C4: Luxury Investors
C1814,individual,Scott,Roberts,1987-04-07,m,denmark,north denmark,home,2,no,website,39.0,2,C3: Corporate Buyers
C1815,individual,Aaron,Carter,,m,usa,california,home,5,no,agency,56.0,0,C1: Global Investors
C1816,individual,Sean,Miller,1962-04-08,m,canada,quebec,home,2,no,website,64.0,1,C2: First-Time Buyers
C1817,individual,Cynthia,Garcia,,f,usa,virginia,home,1,no,agency,56.0,1,C2: First-Time Buyers
C1818,individual,Christine,Wood,,f,usa,washington,investment,5,yes,website,56.0,0,C1: Global Investors
C1819,individual,William,Brown,1963-02-11,m,russia,krasnodar krai,home,1,no,website,63.0,1,C2: First-Time Buyers
C1820,individual,Nicholas,Howard,,m,france,provence,home,3,no,website,56.0,0,C1: Global Investors
C1821,individual,Adam,Smith,,m,usa,nevada,home,5,no,website,56.0,0,C1: Global Investors
C1822,individual,Frank,Weaver,,m,usa,oregon,investment,5,yes,website,56.0,0,C1: Global Investors
C1823,individual,Jacob,Watson,1967-08-11,m,usa,oregon,home,4,yes,website,59.0,0,C1: Global Investors
C1824,individual,Jeffrey,Weaver,1962-09-05,m,usa,california,home,3,no,website,64.0,0,C1: Global Investors
C1825,individual,Eric,Jones,,m,mexico,nuevo leon,home,2,no,agency,56.0,1,C2: First-Time Buyers
C1826,individual,Jack,Williams,1951-06-08,m,usa,ohio,home,4,no,client,75.0,3,C4: Luxury Investors
C1827,individual,Donald,Thompson,1973-01-02,m,usa,new york,home,5,yes,website,53.0,0,C1: Global Investors
C1828,individual,William,Wood,,m,usa,california,investment,2,yes,website,56.0,1,C2: First-Time Buyers
C1829,individual,Rachel,Ward,,f,usa,california,home,5,yes,agency,56.0,0,C1: Global Investors
C1830,individual,Virginia,Owens,,f,usa,arizona,home,3,no,website,56.0,0,C1: Global Investors
C1831,individual,Janice,Smith,,f,russia,tatarstan,home,3,no,website,56.0,0,C1: Global Investors
C1832,individual,Henry,Garcia,,m,usa,oregon,investment,1,yes,website,56.0,1,C2: First-Time Buyers
C1833,individual,Jennifer,Weaver,,f,usa,arizona,investment,1,yes,website,56.0,1,C2: First-Time Buyers
C1834,individual,Zachary,Phillips,,m,belgium,flanders,investment,5,no,agency,56.0,0,C1: Global Investors
C1835,individual,Nicole,Pierce,,f,canada,alberta,investment,4,yes,agency,56.0,0,C1: Global Investors
C1836,individual,Judy,Wood,1960-10-08,f,usa,california,investment,1,yes,website,66.0,1,C2: First-Time Buyers
C1837,individual,Julia,Freeman,1950-04-06,f,usa,california,home,2,yes,client,76.0,3,C4: Luxury Investors
C1838,individual,Joyce,Morales,,f,canada,alberta,investment,1,no,agency,56.0,1,C2: First-Time Buyers
C1839,individual,Kyle,Gray,,m,usa,california,investment,2,no,agency,56.0,1,C2: First-Time Buyers
C1840,individual,Gerald,Weaver,,m,uk,england,investment,3,no,website,56.0,0,C1: Global Investors
C1841,individual,Austin,Williams,,m,usa,new york,home,4,no,website,56.0,0,C1: Global Investors
C1842,company,Rexon,Co,1978-10-08,m,canada,alberta,home,3,yes,agency,48.0,0,C1: Global Investors
C1843,individual,Jose,Stone,,m,germany,hesse,home,4,no,website,56.0,0,C1: Global Investors
C1844,individual,Grace,Howard,,f,usa,ohio,home,1,no,agency,56.0,1,C2: First-Time Buyers
C1845,individual,Joshua,Green,1949-09-11,m,usa,california,investment,1,yes,website,77.0,3,C4: Luxury Investors
C1846,individual,Sara,Allen,,f,russia,novosibirsk,home,5,yes,agency,56.0,0,C1: Global Investors
C1847,individual,Brian,Griffin,1952-04-01,m,usa,utah,home,4,no,website,74.0,3,C4: Luxury Investors
C1848,individual,Sarah,Davis,,f,usa,california,home,2,no,website,56.0,1,C2: First-Time Buyers
C1849,individual,Joseph,Wilson,1976-09-02,m,canada,alberta,investment,3,yes,website,50.0,0,C1: Global Investors
C1850,individual,Gregory,Miller,,m,usa,new york,investment,5,yes,agency,56.0,0,C1: Global Investors
C1851,individual,Kimberly,Miller,1954-06-08,f,uk,england,home,3,yes,agency,72.0,3,C4: Luxury Investors
C1852,individual,Julie,Hall,,f,usa,virginia,home,4,no,website,56.0,0,C1: Global Investors
C1853,individual,Jennifer,Owens,,f,usa,virginia,investment,4,no,website,56.0,0,C1: Global Investors
C1854,company,Rexon,Co,,m,france,ile-de-france,investment,1,no,client,56.0,1,C2: First-Time Buyers
C1855,individual,Gloria,Hansen,1984-02-07,f,usa,california,home,2,yes,website,42.0,2,C3: Corporate Buyers
C1856,company,Altira,Co,,m,usa,virginia,home,2,no,website,56.0,1,C2: First-Time Buyers
C1857,individual,Walter,Johnson,,m,usa,california,investment,2,yes,website,56.0,1,C2: First-Time Buyers
C1858,individual,Amy,Hayes,1958-06-05,f,usa,colorado,home,5,no,website,68.0,0,C1: Global Investors
C1859,individual,Zachary,Taylor,,m,usa,california,home,5,yes,client,56.0,0,C1: Global Investors
C1860,company,Caldera,Co,,f,usa,california,home,4,yes,agency,56.0,0,C1: Global Investors
C1861,individual,Nathan,Evans,1982-01-08,m,usa,california,investment,3,yes,website,44.0,2,C3: Corporate Buyers
C1862,individual,Joshua,Long,,m,usa,california,home,1,yes,website,56.0,1,C2: First-Time Buyers
C1863,individual,Megan,Hansen,1948-03-04,f,uk,scotland,home,3,no,website,78.0,3,C4: Luxury Investors
C1864,individual,Hannah,Weaver,,f,usa,new york,home,5,yes,website,56.0,0,C1: Global Investors
C1865,individual,Sean,Rogers,1974-01-11,m,usa,arizona,investment,4,no,website,52.0,0,C1: Global Investors
C1866,individual,Joyce,Martin,,f,usa,nevada,home,2,no,agency,56.0,1,C2: First-Time Buyers
C1867,individual,Robert,Richardson,,m,usa,california,home,2,yes,website,56.0,1,C2: First-Time Buyers
C1868,individual,Michelle,Thomas,,f,uk,wales,home,1,no,website,56.0,1,C2: First-Time Buyers
C1869,individual,Margaret,Campbell,1975-10-05,f,mexico,nuevo leon,home,5,no,client,51.0,0,C1: Global Investors
C1870,individual,Lawrence,Moore,,m,usa,washington,investment,1,no,agency,56.0,1,C2: First-Time Buyers
C1871,individual,Amy,Reyes,,f,usa,texas,home,1,yes,website,56.0,1,C2: First-Time Buyers
C1872,individual,Raymond,Jones,,m,mexico,mexico city,home,5,no,client,56.0,0,C1: Global Investors
C1873,individual,Cheryl,Collins,1959-03-10,f,canada,british columbia,home,5,no,agency,67.0,0,C1: Global Investors
C1874,individual,Justin,Cooper,,m,usa,colorado,investment,1,no,agency,56.0,1,C2: First-Time Buyers
C1875,individual,Melissa,Roberts,,f,usa,nevada,home,2,no,client,56.0,1,C2: First-Time Buyers
C1876,company,Bravada,Co,,m,usa,ohio,investment,4,yes,website,56.0,0,C1: Global Investors
C1877,individual,Walter,Bryant,,m,usa,arizona,home,5,no,agency,56.0,0,C1: Global Investors
C1878,individual,Paul,Rogers,1967-10-07,m,usa,washington,home,5,no,agency,59.0,0,C1: Global Investors
C1879,individual,Deborah,Roberts,,f,usa,new york,home,3,no,website,56.0,0,C1: Global Investors
C1880,individual,Joan,Morales,,f,usa,california,home,5,yes,client,56.0,0,C1: Global Investors
C1881,individual,Brenda,Phillips,,f,usa,oregon,home,2,yes,website,56.0,1,C2: First-Time Buyers
C1882,individual,Deborah,Turner,,f,usa,virginia,investment,3,no,website,56.0,0,C1: Global Investors
C1883,individual,Sean,Peterson,1941-02-11,m,usa,california,home,1,no,agency,85.0,3,C4: Luxury Investors
C1884,individual,Terry,Bell,1954-08-06,m,usa,nevada,home,5,yes,website,72.0,3,C4: Luxury Investors
C1885,individual,Ryan,Bell,,m,germany,hamburg,home,1,yes,agency,56.0,1,C2: First-Time Buyers
C1886,individual,Maria,Richardson,,f,usa,california,home,5,no,website,56.0,0,C1: Global Investors
C1887,individual,Emma,Campbell,1986-01-07,f,usa,oregon,investment,1,no,agency,40.0,1,C2: First-Time Buyers
C1888,individual,Donald,Griffin,1962-08-06,m,usa,california,home,3,no,website,64.0,0,C1: Global Investors
C1889,individual,Matthew,Richardson,1987-07-10,m,usa,california,home,4,yes,website,39.0,2,C3: Corporate Buyers
C1890,individual,Mark,Nelson,1954-03-12,m,canada,ontario,home,4,no,client,72.0,3,C4: Luxury Investors
C1891,individual,Gary,James,1972-06-02,m,usa,oregon,home,2,no,agency,54.0,1,C2: First-Time Buyers
C1892,individual,Nancy,Jones,1951-06-06,f,usa,nevada,investment,5,yes,agency,75.0,3,C4: Luxury Investors
C1893,individual,Ann,Davis,,f,usa,washington,home,1,yes,website,56.0,1,C2: First-Time Buyers
C1894,individual,Joyce,Hall,1944-03-11,f,usa,texas,investment,4,no,website,82.0,3,C4: Luxury Investors
C1895,company,Caldera,Co,1969-01-07,m,usa,nevada,investment,4,no,agency,57.0,0,C1: Global Investors
C1896,individual,Andrew,Bryant,,m,usa,virginia,investment,3,no,agency,56.0,0,C1: Global Investors
C1897,individual,Catherine,Rogers,,f,canada,ontario,home,2,no,website,56.0,1,C2: First-Time Buyers
C1898,individual,Daniel,James,1979-01-05,m,usa,new york,home,1,yes,website,47.0,1,C2: First-Time Buyers
C1899,individual,Joe,Mitchell,1996-04-05,m,uk,england,home,3,no,website,30.0,2,C3: Corporate Buyers
C1900,individual,Rachel,Griffin,1998-09-07,f,uk,england,investment,4,no,client,28.0,2,C3: Corporate Buyers
C1901,individual,Justin,Stewart,,m,canada,british columbia,home,4,no,agency,56.0,0,C1: Global Investors
C1902,company,Grandis,Co,1980-11-09,m,usa,colorado,investment,2,no,agency,46.0,1,C2: First-Time Buyers
C1903,individual,Nicole,Bennett,1991-12-01,f,usa,nevada,home,2,no,website,35.0,2,C3: Corporate Buyers
C1904,individual,Christian,Nelson,,m,usa,texas,home,2,yes,website,56.0,1,C2: First-Time Buyers
C1905,individual,James,Morris,1961-02-02,m,usa,virginia,home,1,no,website,65.0,1,C2: First-Time Buyers
C1906,individual,Michelle,Adams,,f,usa,california,home,2,no,agency,56.0,1,C2: First-Time Buyers
C1907,individual,Kyle,Wright,1950-03-12,m,usa,colorado,home,3,no,website,76.0,3,C4: Luxury Investors
C1908,individual,Andrea,Moore,,f,usa,california,home,2,no,website,56.0,1,C2: First-Time Buyers
C1909,individual,Heather,Pierce,1985-12-04,f,usa,california,investment,2,no,agency,41.0,2,C3: Corporate Buyers
C1910,company,Telnox,Co,1985-10-04,m,usa,california,home,2,yes,agency,41.0,2,C3: Corporate Buyers
C1911,individual,Noah,Murray,1989-01-11,m,usa,california,home,5,no,agency,37.0,2,C3: Corporate Buyers
C1912,individual,Amanda,Jackson,,f,usa,utah,investment,1,no,website,56.0,1,C2: First-Time Buyers
C1913,individual,Gary,King,1980-11-12,m,france,provence,home,5,no,website,46.0,0,C1: Global Investors
C1914,individual,Brenda,Gray,,f,uk,scotland,home,4,yes,website,56.0,0,C1: Global Investors
C1915,individual,Angela,Williams,1964-06-09,f,usa,arizona,investment,4,no,client,62.0,0,C1: Global Investors
C1916,individual,Zachary,Weaver,,m,usa,california,investment,2,no,website,56.0,1,C2: First-Time Buyers
C1917,individual,Angela,Montgomery,,f,australia,new south wales,home,2,no,client,56.0,1,C2: First-Time Buyers
C1918,individual,Dorothy,Murray,,f,usa,california,home,1,no,client,56.0,1,C2: First-Time Buyers
C1919,company,Vantage,Co,,f,usa,nevada,investment,1,no,website,56.0,1,C2: First-Time Buyers
C1920,individual,Jonathan,Pierce,,m,germany,north rhine-westphalia,home,5,no,agency,56.0,0,C1: Global Investors
C1921,individual,Carolyn,Adams,,f,france,provence,home,5,no,website,56.0,0,C1: Global Investors
C1922,individual,Jessica,Garcia,1988-01-09,f,usa,california,home,1,no,agency,38.0,2,C3: Corporate Buyers
C1923,individual,Sarah,Cooper,1947-03-07,f,mexico,jalisco,investment,1,yes,client,79.0,3,C4: Luxury Investors
C1924,individual,Joe,Cooper,1958-01-03,m,usa,california,home,3,no,client,68.0,3,C4: Luxury Investors
C1925,individual,Jordan,Baker,,m,usa,colorado,home,2,no,agency,56.0,1,C2: First-Time Buyers
C1926,individual,Joshua,Watson,1997-11-05,m,mexico,puebla,home,1,yes,website,29.0,2,C3: Corporate Buyers
C1927,individual,Victoria,Long,1952-11-05,f,usa,california,investment,1,yes,website,74.0,3,C4: Luxury Investors
C1928,individual,Paul,Scott,,m,australia,new south wales,home,4,yes,client,56.0,0,C1: Global Investors
C1929,individual,Angela,Baker,,f,mexico,jalisco,home,1,yes,agency,56.0,1,C2: First-Time Buyers
C1930,individual,Rachel,Adams,,f,usa,colorado,investment,3,no,agency,56.0,0,C1: Global Investors
C1931,individual,Melissa,Jackson,1995-05-01,f,usa,utah,home,5,yes,website,31.0,2,C3: Corporate Buyers
C1932,individual,Dorothy,Allen,,f,usa,california,investment,2,no,website,56.0,1,C2: First-Time Buyers
C1933,company,Oasis,Co,1994-04-05,f,australia,queensland,home,1,no,client,32.0,2,C3: Corporate Buyers
C1934,individual,Noah,Montgomery,,m,france,ile-de-france,investment,4,yes,client,56.0,0,C1: Global Investors
C1935,individual,Ashley,Young,,f,usa,arizona,home,5,no,website,56.0,0,C1: Global Investors
C1936,individual,Jeffrey,Brown,,m,russia,krasnodar krai,home,1,yes,agency,56.0,1,C2: First-Time Buyers
C1937,individual,Ashley,Richardson,,f,usa,arizona,home,3,yes,website,56.0,0,C1: Global Investors
C1938,individual,Peter,Anderson,,m,canada,quebec,home,4,yes,website,56.0,0,C1: Global Investors
C1939,individual,Gloria,White,1979-06-09,f,usa,florida,investment,1,yes,agency,47.0,1,C2: First-Time Buyers
C1940,individual,Barbara,Turner,1997-02-01,f,canada,manitoba,home,4,no,agency,29.0,2,C3: Corporate Buyers
C1941,individual,Maria,James,,f,usa,nevada,home,5,no,client,56.0,0,C1: Global Investors
C1942,company,Stratos,Co,1984-11-10,f,usa,nevada,home,2,yes,agency,42.0,2,C3: Corporate Buyers
C1943,individual,Eric,Long,1973-01-04,m,usa,arizona,home,1,no,website,53.0,1,C2: First-Time Buyers
C1944,individual,Henry,Pierce,,m,usa,california,investment,1,no,website,56.0,1,C2: First-Time Buyers
C1945,individual,Sean,Johnson,,m,mexico,mexico city,investment,3,no,website,56.0,0,C1: Global Investors
C1946,individual,Mark,Bell,,m,usa,california,home,1,no,agency,56.0,1,C2: First-Time Buyers
C1947,individual,Walter,Mitchell,1979-02-02,m,usa,nevada,home,3,no,website,47.0,0,C1: Global Investors
C1948,individual,Melissa,Harris,1955-04-01,f,usa,arizona,home,2,no,agency,71.0,3,C4: Luxury Investors
C1949,individual,Christina,James,,f,usa,colorado,home,2,yes,agency,56.0,1,C2: First-Time Buyers
C1950,individual,Edward,Weaver,,m,usa,ohio,home,4,no,agency,56.0,0,C1: Global Investors
C1951,individual,Alexander,Murray,1996-09-08,m,usa,utah,home,1,yes,website,30.0,2,C3: Corporate Buyers
C1952,company,Optima,Co,1992-05-06,m,usa,nevada,home,3,no,agency,34.0,2,C3: Corporate Buyers
C1953,individual,Donald,Miller,,m,germany,bavaria,home,1,yes,website,56.0,1,C2: First-Time Buyers
C1954,individual,Judy,Roberts,1966-09-03,f,australia,western australia,investment,3,no,website,60.0,0,C1: Global Investors
C1955,individual,Benjamin,Wright,,m,canada,quebec,home,1,no,website,56.0,1,C2: First-Time Buyers
C1956,individual,Julie,Weaver,,f,usa,oregon,home,2,no,agency,56.0,1,C2: First-Time Buyers
C1957,individual,Adam,Howard,,m,usa,california,home,4,yes,website,56.0,0,C1: Global Investors
C1958,individual,Susan,Foster,1970-10-09,f,usa,california,home,3,no,website,56.0,0,C1: Global Investors
C1959,individual,Judy,Morales,,f,usa,texas,home,1,no,website,56.0,1,C2: First-Time Buyers
C1960,individual,Dorothy,Brown,1987-08-02,f,usa,colorado,home,2,yes,website,39.0,2,C3: Corporate Buyers
C1961,individual,William,Campbell,,m,usa,california,home,5,no,agency,56.0,0,C1: Global Investors
C1962,individual,Kimberly,Harris,1995-08-01,f,mexico,puebla,home,5,no,agency,31.0,2,C3: Corporate Buyers
C1963,company,Terova,Co,1968-03-01,m,usa,texas,home,5,no,website,58.0,0,C1: Global Investors
C1964,individual,Kevin,Martin,,m,usa,virginia,home,5,no,agency,56.0,0,C1: Global Investors
C1965,individual,Sean,Wright,1997-01-09,m,usa,california,home,4,no,agency,29.0,2,C3: Corporate Buyers
C1966,individual,Ronald,Howard,1964-02-10,m,canada,british columbia,home,1,no,agency,62.0,1,C2: First-Time Buyers
C1967,individual,Roger,Bryant,1957-10-09,m,usa,oregon,investment,4,no,agency,69.0,3,C4: Luxury Investors
C1968,individual,Judy,Griffin,1958-11-02,f,usa,california,investment,3,yes,client,68.0,3,C4: Luxury Investors
C1969,individual,Jesse,James,,m,usa,colorado,investment,2,yes,agency,56.0,1,C2: First-Time Buyers
C1970,individual,Raymond,Howard,,m,usa,arizona,investment,4,yes,website,56.0,0,C1: Global Investors
C1971,individual,Emma,Jordan,,f,usa,virginia,home,5,no,website,56.0,0,C1: Global Investors
C1972,individual,Carol,Wilson,1972-01-05,f,usa,california,home,4,yes,website,54.0,0,C1: Global Investors
C1973,company,Oasis,Co,,m,usa,washington,home,4,yes,agency,56.0,0,C1: Global Investors
C1974,individual,Keith,Peterson,1950-04-09,m,usa,nevada,home,5,yes,agency,76.0,3,C4: Luxury Investors
C1975,individual,Dorothy,Campbell,1975-08-05,f,belgium,wallonia,home,4,no,agency,51.0,0,C1: Global Investors
C1976,individual,Albert,Wilson,1995-05-03,m,usa,florida,home,5,no,client,31.0,2,C3: Corporate Buyers
C1977,individual,Jason,Bennett,1994-04-07,m,usa,virginia,home,1,no,website,32.0,2,C3: Corporate Buyers
C1978,company,Summit,Co,1967-02-06,f,usa,california,investment,5,yes,website,59.0,0,C1: Global Investors
C1979,individual,Brian,Richardson,,m,usa,colorado,home,3,yes,agency,56.0,0,C1: Global Investors
C1980,individual,Barbara,Green,1956-05-09,f,usa,texas,investment,4,no,website,70.0,3,C4: Luxury Investors
C1981,individual,Sarah,Flores,1992-12-09,f,canada,quebec,home,5,no,agency,34.0,2,C3: Corporate Buyers
C1982,individual,Jose,Long,1947-09-05,m,usa,california,home,4,yes,website,79.0,3,C4: Luxury Investors
C1983,individual,Ryan,Reed,,m,uk,northern ireland,home,3,no,website,56.0,0,C1: Global Investors
C1984,individual,Jesse,Watson,,m,usa,california,home,4,no,website,56.0,0,C1: Global Investors
C1985,individual,Gregory,Bell,1963-05-11,m,uk,scotland,home,1,yes,agency,63.0,1,C2: First-Time Buyers
C1986,individual,Thomas,Griffin,,m,usa,new york,investment,1,no,website,56.0,1,C2: First-Time Buyers
C1987,individual,Douglas,Davis,,m,belgium,wallonia,investment,5,no,website,56.0,0,C1: Global Investors
C1988,individual,Henry,Thompson,,m,usa,california,home,5,yes,website,56.0,0,C1: Global Investors
C1989,individual,William,Montgomery,,m,usa,texas,home,3,no,agency,56.0,0,C1: Global Investors
C1990,individual,Scott,Howard,,m,usa,texas,investment,5,no,agency,56.0,0,C1: Global Investors
C1991,individual,Susan,Reed,1950-07-09,f,usa,california,home,3,no,website,76.0,3,C4: Luxury Investors
C1992,individual,Rachel,Hansen,,f,usa,texas,home,3,yes,website,56.0,0,C1: Global Investors
C1993,individual,Douglas,Thompson,1985-06-09,m,usa,new york,home,2,no,website,41.0,2,C3: Corporate Buyers
C1994,individual,Nicole,Miller,,f,usa,oregon,investment,3,yes,website,56.0,0,C1: Global Investors
C1995,individual,Michelle,Scott,1993-03-05,f,usa,california,investment,4,no,agency,33.0,2,C3: Corporate Buyers
C1996,individual,Samantha,Brooks,,f,usa,nevada,home,1,yes,website,56.0,1,C2: First-Time Buyers
C1997,individual,Matthew,Cox,,m,usa,arizona,home,4,yes,website,56.0,0,C1: Global Investors
C1998,individual,Mark,Patterson,,m,usa,virginia,home,5,yes,website,56.0,0,C1: Global Investors
C1999,individual,Lawrence,Montgomery,,m,usa,ohio,home,4,yes,client,56.0,0,C1: Global Investors
C2000,individual,Amanda,James,,f,usa,georgia,home,1,yes,agency,56.0,1,C2: First-Time Buyers
